GO
INSERT INTO Coach (CoachID, [Name] ,StartDate,CoachingTenure)
VALUES
(1, 'Kumar Sangakkara ','2008-01-01',NULL),
(2, 'Andy Flower','2008-01-02',NULL),
(3, 'Daniel Vettori','2008-01-03',NULL),
(4, 'Pravin Amre','2008-01-04',NULL),
(5, 'Stephen Fleming ','2008-01-05',NULL),
(6, 'Ashish Nehra','2008-01-06',NULL),
(7, 'Justin Langer','2008-01-07',NULL),
(8, 'Chandrakant Pandit ','2008-01-08',NULL),
(9, 'Trevor Harley','2008-01-09',NULL),
(10, 'Mark Boucher','2008-01-10',NULL),
(11, 'Trevor Harley','2008-01-11',NULL),
(12, 'Ricky Ponting','2008-01-12',NULL),
(13, 'Fleming','2008-01-13',NULL),
(14, 'Bradley John Hodge','2008-01-14',NULL),
(15, 'Geoffrey Robert Marsh','2008-01-15',NULL),
(16, 'Darren Scott Lehmann','2008-01-16',NULL),
(17, 'Geoffrey Francis Lawson','2008-01-17',NULL)
GO

INSERT INTO Franchise (FranchiseID,FranchiseName,FranchiseOwner)
VALUES
(1, 'Rajasthan Royals', 'Manoj Badale'),
(2, 'Royal Challengers Bangalore', 'Vijay Mallya'),
(3, 'Sunrisers Hyderabad', 'Kalanithi Maran'),
(4, 'Delhi Capitals', 'GMR Group and JSW Group'),
(5, 'Chennai Super Kings', 'Narayanaswami Srinivasan'),
(6, 'Gujarat Titans', 'CVC Capital Partners'),
(7, 'Lucknow Super Giants', 'Sanjiv Goenka'),
(8, 'Kolkata Knight Riders', 'Shah Rukh Khan'),
(9, 'Punjab Kings', 'Preity Zinta'),
(10, 'Mumbai Indians', 'Reliance Industries'),
(11, 'Kings XI Punjab', 'Preity Zinta'),
(12, 'Delhi Daredevils', 'GMR Group and JSW Group'),
(13, 'Rising Pune Supergiants', 'Sanjiv Goenka Group'),
(14, 'Gujarat Lions', 'CVC Capital Partners'),
(15, 'Pune Warriors', 'Sanjiv Goenka Group'),
(16, 'Deccan Chargers', 'Deccan Chronicle'),
(17, 'Kochi Tuskers Kerala', 'Kochi Cricket Pvt Ltd')

Go

INSERT INTO Team (TeamID, TeamName,CoachID,FranchiseID)
VALUES
(1, 'RR',1,1),
(2, 'RCB',2,2),
(3, 'SRH',3,3),
(4, 'DC',4,4),
(5, 'CSK',5,5),
(6, 'GT',6,6),
(7, 'LSG',7,7),
(8, 'KKR',8,8),
(9, 'PK',9,9),
(10, 'MI',10,10),
(11, 'KXIP',11,11),
(12, 'DD',12,12),
(13, 'RPS',13,13),
(14, 'GL',14,14),
(15, 'PW',15,15),
(16, 'DC',16,16),
(17, 'KTK',17,17)

GO







INSERT INTO Tournament (TournamentID,TournamentName,StartDate,EndDate)
VALUES
(1, 'IPL - 2007/08','2008-04-18','2008-06-01'),
(2, 'IPL - 2009','2009-04-18','2009-05-24'),
(3, 'IPL - 2009/10','2010-03-12','2010-04-25'),
(4, 'IPL - 2011','2011-04-08','2011-05-28'),
(5, 'IPL - 2012','2012-04-04','2012-05-27'),
(6, 'IPL - 2013','2013-04-03','2013-05-26'),
(7, 'IPL - 2014','2014-04-16','2014-06-01'),
(8, 'IPL - 2015','2015-04-08','2015-05-24'),
(9, 'IPL - 2016','2016-04-09','2016-05-29'),
(10, 'IPL - 2017','2017-04-05','2017-05-21'),
(11, 'IPL - 2018','2018-04-07','2018-05-27'),
(12, 'IPL - 2019','2019-03-23','2019-05-12'),
(13, 'IPL - 2020/21','2020-09-19','2020-11-10'),
(14, 'IPL - 2021','2021-04-09','2021-10-15'),
(15, 'IPL - 2022','2022-03-26','2022-05-29')

Go


INSERT INTO Venue (VenueID,Name,Capacity,City,State,Country)
VALUES 
(1, 'Arun Jaitley Stadium',42207,'Delhi','Delhi','India'),
(2, 'Arun Jaitley Stadium, Delhi',44707,'Delhi','Delhi','India'),
(3, 'Barabati Stadium',31780,'Cuttack','Odisha','India'),
(4, 'Brabourne Stadium',26332,'Mumbai','Maharashtra','India'),
(5, 'Brabourne Stadium, Mumbai',29723,'Mumbai','Maharashtra','India'),
(6, 'Buffalo Park',42817,'East London','Eastern Cape','South Africa'),
(7, 'De Beers Diamond Oval',25476,'Kimberley','Northern Cape','South Africa'),
(8, 'Dr DY Patil Sports Academy',44714,'Mumbai','Maharashtra','India'),
(9, 'Dr DY Patil Sports Academy, Mumbai',28850,'Mumbai','Maharashtra','India'),
(10, 'Dr DY Patil Sports Academy, Mumbai',47391,'Navi Mumbai','Maharashtra','India'),
(11, 'Dr. Y.S. Rajasekhara Reddy ACA-VDCA Cricket Stadium',11874,'Visakhapatnam','Andhra Pradesh','India'),
(12, 'Dubai International Cricket Stadium',43307,'Dubai','Dubai','United Arab Emirates'),
(13, 'Dubai International Cricket Stadium',45124,'Kolkata','West Bengal','India'),
(14, 'Eden Gardens',41562,'Kolkata','West Bengal','India'),
(15, 'Eden Gardens, Kolkata',47631,'Kolkata','West Bengal','India'),
(16, 'Feroz Shah Kotla',43482,'Delhi','Delhi','India'),
(17, 'Green Park',33765,'Kanpur','Uttar Pradesh','India'),
(18, 'Himachal Pradesh Cricket Association Stadium',19261,'Dharamsala','Himachal Pradesh','India'),
(19, 'Holkar Cricket Stadium',46593,'Indore','Madhya Pradesh','India'),
(20, 'JSCA International Stadium Complex',59423,'Ranchi','Jharkhand','India'),
(21, 'Kingsmead',49422,'Durban','KwaZulu-Natal','South Africa'),
(22, 'M Chinnaswamy Stadium',32796,'Bangalore','Karnataka','India'),
(23, 'M.Chinnaswamy Stadium',23819,'Bengaluru','Karnataka','India'),
(24, 'MA Chidambaram Stadium',48100,'Chennai','Tamil Nadu','India'),
(25, 'MA Chidambaram Stadium, Chepauk',18736,'Chennai','Tamil Nadu','India'),
(26, 'MA Chidambaram Stadium, Chepauk, Chennai',48885,'Chennai','Tamil Nadu','India'),
(27, 'Maharashtra Cricket Association Stadium',21364,'Pune','Maharashtra','India'),
(28, 'Maharashtra Cricket Association Stadium, Pune',41927,'Pune','Maharashtra','India'),
(29, 'Narendra Modi Stadium, Ahmedabad',45140,'Ahmedabad','Gujarat','India'),
(30, 'Nehru Stadium',37172,'Kochi','Kerala','India'),
(31, 'New Wanderers Stadium',44995,'Johannesburg','Gauteng','South Africa'),
(32, 'Newlands',44584,'Cape Town','Western Cape','South Africa'),
(33, 'OUTsurance Oval',37269,'Bloemfontein','Free State','South Africa'),
(34, 'Punjab Cricket Association IS Bindra Stadium',34029,'Chandigarh','Chandigarh (Union Territory)','India'),
(35, 'Punjab Cricket Association IS Bindra Stadium, Mohali',33964,'Chandigarh','Chandigarh (Union Territory)','India'),
(36, 'Punjab Cricket Association Stadium, Mohali',33611,'Chandigarh','Chandigarh (Union Territory)','India'),
(37, 'Rajiv Gandhi International Stadium',32696,'Hyderabad','Telangana','India'),
(38, 'Rajiv Gandhi International Stadium, Uppal',34723,'Hyderabad','Telangana','India'),
(39, 'Sardar Patel Stadium, Motera',32123,'Ahmedabad','Gujarat','India'),
(40, 'Saurashtra Cricket Association Stadium',49594,'Rajkot','Gujarat','India'),
(41, 'Sawai Mansingh Stadium',46557,'Jaipur','Rajasthan','India'),
(42, 'Shaheed Veer Narayan Singh International Stadium',23455,'Raipur','Chhattisgarh','India'),
(43, 'Sharjah Cricket Stadium',22550,'Sharjah','Sharjah','United Arab Emirates'),
(44, 'Sharjah Cricket Stadium',40265,'Sharjah','Sharjah','United Arab Emirates'),
(45, 'Sheikh Zayed Stadium',28052,'Abu Dhabi','Abu Dhabi','United Arab Emirates'),
(46, 'St GeorgeNULLs Park',10622,'Port Elizabeth','Eastern Cape','South Africa'),
(47, 'Subrata Roy Sahara Stadium',31146,'Pune','Maharashtra','India'),
(48, 'SuperSport Park',20558,'Centurion','Gauteng','South Africa'),
(49, 'Vidarbha Cricket Association Stadium, Jamtha',10243,'Nagpur','Maharashtra','India'),
(50, 'Wankhede Stadium',37360,'Mumbai','Maharashtra','India'),
(51, 'Wankhede Stadium, Mumbai',46132,'Mumbai','Maharashtra','India'),
(52, 'Zayed Cricket Stadium, Abu Dhabi',69478,'Abu Dhabi','Abu Dhabi','United Arab Emirates')
GO



INSERT INTO Player (PlayerID,Name,TeamID,JerseyNbr,TotalMatch,NbrofCatch,DominantHand,BattingAvg,Centuries,HalfCenturies,TotalRuns,BowlerType,Wickets)
VALUES 

(1, 'V Kohli',2,1,215,93,'Right_Hand',31,6,47,6876,'Right-arm medium',222),
(2, 'S Dhawan',9,2,205,76,'Left_Hand',32,3,49,6561,'Right-arm offbreak',212),
(3, 'DA Warner',4,3,162,96,'Left_Hand',38,5,57,6191,'Legbreak',162),
(4, 'RG Sharma',10,4,221,106,'Right_Hand',27,1,44,6083,'Right-arm offbreak',212),
(5, 'SK Raina',5,5,200,120,'Left_Hand',28,3,38,5780,'Right-arm offbreak',180),
(6, 'AB de Villiers',2,6,170,30,'Right_Hand',31,3,41,5354,'Right-arm medium',171),
(7, 'CH Gayle',9,7,141,92,'Left_Hand',37,10,32,5336,'Right-arm offbreak',115),
(8, 'RV Uthappa',5,8,197,135,'Right_Hand',26,0,29,5246,'Right-arm medium',173),
(9, 'MS Dhoni',5,9,205,133,'Right_Hand',25,0,27,5221,'Right-arm medium',170),
(10, 'KD Karthik',2,10,207,28,'Right_Hand',22,1,21,4572,NULL,195),
(11, 'G Gambhir',12,11,151,62,'Left_Hand',29,0,38,4479,'Legbreak',151),
(12, 'AT Rayudu',5,12,173,63,'Right_Hand',25,1,25,4355,'Right-arm offbreak',139),
(13, 'AM Rahane',8,13,148,59,'Right_Hand',28,3,28,4254,'Right-arm medium',144),
(14, 'KL Rahul',7,14,99,38,'Right_Hand',40,6,31,4047,NULL,137),
(15, 'SR Watson',5,15,141,78,'Right_Hand',28,4,22,4042,'Right-arm fast-medium',98),
(16, 'MK Pandey',7,16,148,73,'Right_Hand',25,1,24,3824,'Right-arm medium',144),
(17, 'SV Samson',1,17,133,97,'Right_Hand',27,3,22,3655,NULL,107),
(18, 'KA Pollard',10,18,168,71,'Right_Hand',21,0,17,3650,'Right-arm medium-fast',138),
(19, 'F du Plessis',2,19,109,41,'Right_Hand',32,1,25,3537,'Legbreak',128),
(20, 'YK Pathan',3,20,153,38,'Right_Hand',22,1,19,3385,'Right-arm offbreak',122),
(21, 'BB McCullum',2,21,109,69,'Right_Hand',28,2,18,3103,'Right-arm medium',84),
(22, 'PA Patel',2,22,136,64,'Left_Hand',22,0,13,3041,NULL,116),
(23, 'RR Pant',4,23,97,43,'Left_Hand',30,2,15,2975,NULL,95),
(24, 'JC Buttler',1,24,81,34,'Right_Hand',36,5,16,2960,NULL,93),
(25, 'V Sehwag',11,25,104,39,'Right_Hand',28,3,16,2915,'Right-arm offbreak',95),
(26, 'SS Iyer',8,26,100,65,'Right_Hand',29,0,19,2900,'Legbreak googly',110),
(27, 'Q de Kock',7,27,92,29,'Left_Hand',31,2,19,2893,NULL,90),
(28, 'Yuvraj Singh',10,28,126,48,'Left_Hand',22,0,14,2884,'Slow left-arm orthodox',96),
(29, 'M Vijay',5,29,105,58,'Right_Hand',26,2,13,2749,'Right-arm offbreak',105),
(30, 'SA Yadav',10,30,108,84,'Right_Hand',25,0,16,2736,'Right-arm offbreak',95),
(31, 'RA Jadeja',5,31,157,26,'Left_Hand',16,0,3,2664,'Slow left-arm orthodox',114),
(32, 'SE Marsh',11,32,69,54,'Left_Hand',37,1,21,2612,'Slow left-arm orthodox',85),
(33, 'SPD Smith',4,33,93,64,'Right_Hand',27,1,13,2601,'Legbreak googly',96),
(34, 'DA Miller',6,34,101,30,'Left_Hand',25,1,14,2585,'Right-arm offbreak',96),
(35, 'JH Kallis',8,35,95,79,'Right_Hand',27,0,18,2567,'Right-arm fast-medium',88),
(36, 'WP Saha',6,36,117,23,'Right_Hand',21,1,11,2553,NULL,103),
(37, 'SR Tendulkar',10,37,78,41,'Right_Hand',32,1,17,2537,'Right-arm offbreak',98),
(38, 'DR Smith',14,38,88,51,'Right_Hand',28,0,20,2515,'Right-arm medium',67),
(39, 'MA Agarwal',9,39,107,40,'Right_Hand',23,1,13,2464,NULL,58),
(40, 'GJ Maxwell',2,40,105,21,'Right_Hand',23,1,13,2451,'Right-arm offbreak',65),
(41, 'N Rana',8,41,85,18,'Left_Hand',26,0,16,2278,'Right-arm offbreak',81),
(42, 'R Dravid',1,42,82,29,'Right_Hand',27,0,12,2270,'Right-arm offbreak',82),
(43, 'AJ Finch',8,43,90,51,'Right_Hand',24,0,17,2240,'Slow left-arm orthodox',72),
(44, 'AC Gilchrist',11,44,80,39,'Left_Hand',27,2,11,2215,'Right-arm offbreak',53),
(45, 'KS Williamson',3,45,74,23,'Right_Hand',29,0,19,2190,'Right-arm offbreak',83),
(46, 'AD Russell',8,46,81,30,'Right_Hand',26,0,16,2154,'Right-arm fast',53),
(47, 'JP Duminy',10,47,75,52,'Left_Hand',28,0,16,2131,'Right-arm offbreak',100),
(48, 'HH Pandya',6,48,100,26,'Right_Hand',20,0,8,2099,'Right-arm medium-fast',68),
(49, 'MEK Hussey',5,49,58,30,'Left_Hand',35,1,17,2064,'Right-arm medium',68),
(50, 'Shubman Gill',6,50,70,33,NULL,28,0,15,1966,NULL,79),
(51, 'Ishan Kishan',10,51,70,33,'Left_Hand',27,1,12,1940,NULL,76),
(52, 'DPMD Jayawardene',12,52,78,29,'Right_Hand',24,1,10,1929,'Right-arm medium',80),
(53, 'RA Tripathi',3,53,74,45,NULL,25,0,10,1867,NULL,71),
(54, 'KC Sangakkara',3,54,68,47,'Left_Hand',26,0,13,1780,'Right-arm offbreak',49),
(55, 'MK Tiwary',11,55,83,38,'Right_Hand',21,0,7,1777,'Legbreak googly',85),
(56, 'Mandeep Singh',4,56,94,69,'Right_Hand',18,0,6,1763,'Right-arm medium',69),
(57, 'DJ Bravo',5,57,110,65,'Right_Hand',15,0,5,1658,'Right-arm medium-fast',47),
(58, 'NV Ojha',12,58,94,15,'Right_Hand',17,0,6,1644,NULL,62),
(59, 'PP Shaw',4,59,63,25,NULL,26,1,12,1644,NULL,38),
(60, 'SS Tiwary',10,60,73,26,'Left_Hand',21,0,8,1577,NULL,64),
(61, 'KK Nair',1,61,68,16,'Right_Hand',22,0,11,1550,'Right-arm offbreak',66),
(62, 'S Badrinath',5,62,65,36,'Right_Hand',23,0,12,1515,'Right-arm offbreak',48),
(63, 'EJG Morgan',8,63,74,22,'Left_Hand',20,0,6,1496,'Right-arm medium',61),
(64, 'BJ Hodge',1,64,63,22,'Right_Hand',23,0,6,1477,'Right-arm offbreak',54),
(65, 'SC Ganguly',16,65,56,30,'Left_Hand',26,0,9,1464,'Right-arm medium',65),
(66, 'KH Pandya',7,66,82,25,'Left_Hand',16,0,3,1393,'Slow left-arm orthodox',43),
(67, 'DJ Hussey',5,67,61,12,'Right_Hand',22,0,5,1384,'Right-arm offbreak',52),
(68, 'CA Lynn',10,68,42,20,'Right_Hand',32,1,10,1384,'Slow left-arm orthodox',54),
(69, 'JM Bairstow',9,69,39,20,NULL,34,2,9,1349,NULL,32),
(70, 'D Padikkal',1,70,46,42,NULL,29,1,7,1341,NULL,34),
(71, 'DJ Hooda',7,71,75,14,'Right_Hand',17,0,7,1290,'Right-arm offbreak',54),
(72, 'RD Gaikwad',5,72,36,30,NULL,35,2,9,1260,NULL,35),
(73, 'KM Jadhav',3,73,80,21,'Right_Hand',15,0,4,1258,'Right-arm offbreak',48),
(74, 'TM Dilshan',2,74,50,28,'Right_Hand',25,0,10,1251,'Right-arm offbreak',42),
(75, 'IK Pathan',14,75,82,11,'Left_Hand',15,0,1,1250,'Left-arm medium-fast',65),
(76, 'ML Hayden',5,76,32,51,'Left_Hand',37,0,10,1205,'Right-arm medium',36),
(77, 'AR Patel',4,77,87,13,'Left_Hand',13,0,0,1195,'Slow left-arm orthodox',64),
(78, 'M Vohra',7,78,50,16,'Right_Hand',22,1,3,1136,'Right-arm medium',46),
(79, 'MP Stoinis',7,79,59,10,'Right_Hand',19,0,4,1132,'Right-arm medium',36),
(80, 'LMP Simmons',10,80,29,16,'Right_Hand',38,1,12,1127,'Right-arm medium-fast',32),
(81, 'SP Narine',8,81,82,18,'Left_Hand',13,0,5,1101,'Right-arm offbreak',31),
(82, 'LRPL Taylor',12,82,54,13,'Right_Hand',20,0,5,1084,'Right-arm offbreak',41),
(83, 'Y Venugopal Rao',3,83,52,12,'Right_Hand',20,0,4,1051,'Right-arm offbreak',50),
(84, 'KP Pietersen',13,84,36,29,'Right_Hand',28,1,5,1039,'Right-arm offbreak',37),
(85, 'MC Henriques',9,85,54,20,'Right_Hand',19,0,5,1034,'Right-arm fast-medium',37),
(86, 'A Symonds',10,86,36,17,'Right_Hand',28,1,5,1028,'Right-arm offbreak',37),
(87, 'JA Morkel',13,87,67,22,'Left_Hand',15,0,3,1026,'Right-arm medium-fast',50),
(88, 'CL White',3,88,45,19,'Right_Hand',22,0,6,1000,'Legbreak googly',33),
(89, 'N Pooran',3,89,43,22,NULL,22,0,4,960,NULL,25),
(90, 'HH Gibbs',10,90,36,15,'Right_Hand',26,0,8,955,'Right-arm bowler',39),
(91, 'MM Ali',5,91,42,21,NULL,22,0,5,953,NULL,24),
(92, 'BA Stokes',1,92,41,19,NULL,23,2,2,951,NULL,27),
(93, 'STR Binny',1,93,66,38,'Right_Hand',13,0,0,923,'Right-arm medium',50),
(94, 'Harbhajan Singh',8,94,88,20,'Right_Hand',10,0,2,895,'Right-arm offbreak',53),
(95, 'MS Bisla',2,95,39,17,'Right_Hand',22,1,3,894,NULL,21),
(96, 'SO Hetmyer',1,96,43,13,NULL,20,0,3,883,NULL,26),
(97, 'Shakib Al Hasan',8,97,52,4,'Left_Hand',16,0,2,850,'Slow left-arm orthodox',34),
(98, 'ST Jayasuriya',10,98,30,7,'Left_Hand',28,1,5,843,'Slow left-arm orthodox',20),
(99, 'GC Smith',16,99,29,27,'Left_Hand',27,0,6,800,'Right-arm offbreak',28),
(100, 'R Tewatia',6,100,46,19,'Left_Hand',16,0,1,780,'Legbreak',32),
(101, 'AD Mathews',12,101,41,27,'Right_Hand',18,0,2,765,'Right-arm fast-medium',34),
(102, 'V Shankar',6,102,41,11,'Right_Hand',18,0,3,762,'Right-arm medium',26),
(103, 'S Dube',5,103,33,13,NULL,22,1,4,727,NULL,23),
(104, 'AM Nayar',1,104,50,6,'Left_Hand',14,0,0,722,'Right-arm medium',35),
(105, 'Abhishek Sharma',3,105,34,10,NULL,20,0,2,710,NULL,21),
(106, 'TL Suman',16,106,39,9,'Right_Hand',17,0,2,701,'Right-arm offbreak',32),
(107, 'E Lewis',7,107,26,12,NULL,26,0,6,699,NULL,17),
(108, 'GJ Bailey',13,108,36,36,'Right_Hand',19,0,2,692,'Right-arm medium',28),
(109, 'R Ashwin',1,109,72,36,'Right_Hand',9,0,1,678,'Right-arm offbreak',29),
(110, 'CH Morris',1,110,49,10,'Right_Hand',13,0,2,642,'Right-arm fast-medium',32),
(111, 'JD Ryder',16,111,29,35,'Left_Hand',21,0,4,630,'Right-arm medium',17),
(112, 'PP Chawla',10,112,76,NULL,'Left_Hand',8,0,0,620,'Legbreak',40),
(113, 'HM Amla',11,113,16,11,'Right_Hand',37,2,3,600,'Right-arm offbreak',21),
(114, 'VR Iyer',8,114,22,12,NULL,26,0,5,590,NULL,16),
(115, 'LS Livingstone',9,115,23,6,NULL,25,0,5,583,NULL,24),
(116, 'YBK Jaiswal',1,116,23,11,NULL,24,0,4,567,NULL,20),
(117, 'CJ Anderson',2,117,29,4,'Left_Hand',19,0,3,559,'Left-arm medium-fast',20),
(118, 'RS Bopara',3,118,22,16,'Right_Hand',25,0,3,557,'Right-arm medium',32),
(119, 'JP Faulkner',14,119,45,7,'Right_Hand',12,0,1,554,'Left-arm fast-medium',18),
(120, 'OA Shah',1,120,22,8,'Right_Hand',25,0,4,550,'Right-arm offbreak',20),
(121, 'SN Khan',4,121,32,29,'Right_Hand',17,0,1,548,'Legbreak',17),
(122, 'R Parag',1,122,37,20,NULL,14,0,3,544,NULL,29),
(123, 'M Manhas',5,123,38,20,'Right_Hand',14,0,0,544,'Right-arm offbreak',26),
(124, 'Gurkeerat Singh',2,124,32,3,'Right_Hand',16,0,2,541,'Right-arm offbreak',22),
(125, 'PC Valthaty',11,125,23,9,'Right_Hand',23,1,3,539,'Right-arm medium',17),
(126, 'AK Markram',3,126,18,19,NULL,29,0,3,537,NULL,23),
(127, 'SW Billings',8,127,27,7,'Right_Hand',19,0,3,531,NULL,17),
(128, 'MR Marsh',4,128,23,28,'Right_Hand',21,0,2,493,'Right-arm medium',15),
(129, 'DT Christian',2,129,41,6,'Right_Hand',11,0,0,482,'Right-arm fast-medium',29),
(130, 'SA Asnodkar',1,130,19,13,'Right_Hand',24,0,2,462,'Right-arm offbreak',19),
(131, 'NLTC Perera',13,131,30,5,'Left_Hand',15,0,0,461,'Right-arm medium-fast',16),
(132, 'RM Patidar',2,132,11,5,NULL,39,1,3,437,NULL,14),
(133, 'JR Hopes',12,133,19,15,'Right_Hand',22,0,4,433,'Right-arm medium',17),
(134, 'LR Shukla',12,134,33,16,'Right_Hand',13,0,1,432,'Right-arm medium',18),
(135, 'J Botha',8,135,28,6,'Right_Hand',15,0,1,424,'Right-arm offbreak',18),
(136, 'CA Pujara',11,136,22,10,'Right_Hand',19,0,1,421,'Legbreak',11),
(137, 'Tilak Varma',10,137,14,14,NULL,29,0,2,418,NULL,17),
(138, 'MV Boucher',8,138,23,4,'Right_Hand',18,0,2,416,'Right-arm medium',17),
(139, 'AL Menaria',1,139,23,7,'Left_Hand',18,0,0,416,'Slow left-arm orthodox',19),
(140, 'Azhar Mahmood',8,140,21,8,'Right_Hand',19,0,2,409,'Right-arm fast-medium',10),
(141, 'PJ Cummins',8,141,29,18,'Right_Hand',13,0,3,404,'Right-arm fast',12),
(142, 'A Mishra',4,142,54,11,'Right_Hand',7,0,0,402,'Legbreak',35),
(143, 'DB Ravi Teja',3,143,25,2,'Right_Hand',16,0,1,401,'Legbreak googly',20),
(144, 'S Sohal',17,144,20,16,'Right_Hand',20,0,2,400,'Legbreak',14),
(145, 'P Negi',2,145,35,3,'Left_Hand',11,0,0,392,'Slow left-arm orthodox',29),
(146, 'AP Tare',12,146,27,13,'Right_Hand',13,0,1,365,NULL,10),
(147, 'P Kumar',14,147,57,8,'Right_Hand',6,0,0,363,'Right-arm medium',29),
(148, 'JJ Roy',3,148,13,23,NULL,27,0,2,358,NULL,12),
(149, 'R Bhatia',NULL,149,47,9,'Right_Hand',7,0,0,356,'Right-arm medium-fast',31),
(150, 'Washington Sundar',3,150,32,9,NULL,10,0,0,349,NULL,19),
(151, 'SM Curran',5,151,23,12,NULL,14,0,2,344,NULL,13),
(152, 'KV Sharma',10,152,34,6,'Left_Hand',10,0,0,343,'Legbreak googly',20),
(153, 'JEC Franklin',10,153,16,32,'Left_Hand',21,0,1,342,'Left-arm medium',19),
(154, 'R Vinay Kumar',8,154,42,7,'Right_Hand',8,0,0,338,'Right-arm medium',28),
(155, 'RN ten Doeschate',8,155,21,26,'Right_Hand',16,0,1,338,'Right-arm medium-fast',14),
(156, 'Rashid Khan',6,156,41,8,NULL,8,0,0,334,NULL,20),
(157, 'LA Pomersbach',11,157,16,9,'Left_Hand',20,0,1,330,'Right-arm offbreak',17),
(158, 'UBT Chand',10,158,20,7,'Right_Hand',16,0,1,327,'Right-arm offbreak',13),
(159, 'DB Das',8,159,22,9,'Right_Hand',14,0,0,321,'Legbreak googly',20),
(160, 'DJG Sammy',2,160,20,6,'Right_Hand',15,0,1,317,'Right-arm medium-fast',13),
(161, 'C de Grandhomme',2,161,21,18,NULL,15,0,0,317,NULL,19),
(162, 'SP Goswami',3,162,21,12,'Left_Hand',14,0,1,312,NULL,14),
(163, 'Shahbaz Ahmed',2,163,19,7,NULL,16,0,0,310,NULL,18),
(164, 'Y Nagar',12,164,20,6,'Right_Hand',15,0,0,309,'Right-arm offbreak',11),
(165, 'GH Vihari',4,165,23,5,'Right_Hand',13,0,0,303,'Right-arm offbreak',23),
(166, 'MJ Lumb',17,166,12,4,'Left_Hand',24,0,2,297,'Right-arm medium',5),
(167, 'VVS Laxman',17,167,20,4,'Right_Hand',14,0,1,296,'Right-arm offbreak',16),
(168, 'B Chipli',12,168,21,8,'Right_Hand',13,0,2,292,'Right-arm medium',20),
(169, 'A Ashish Reddy',3,169,23,8,'Right_Hand',12,0,0,288,'Right-arm medium',9),
(170, 'R Sathish',8,170,24,7,'Right_Hand',12,0,0,288,'Right-arm medium',16),
(171, 'M Shahrukh Khan',9,171,18,16,NULL,15,0,0,286,NULL,18),
(172, 'M Kaif',2,172,22,4,'Right_Hand',12,0,0,280,'Right-arm offbreak',10),
(173, 'MK Lomror',2,173,15,7,NULL,18,0,0,278,NULL,13),
(174, 'MJ Guptill',3,174,13,17,'Right_Hand',21,0,2,276,'Right-arm offbreak',8),
(175, 'RK Singh',8,175,15,11,NULL,17,0,0,268,NULL,10),
(176, 'PK Garg',3,176,17,11,NULL,15,0,1,266,NULL,11),
(177, 'R Powell',4,177,12,2,NULL,21,0,2,262,NULL,11),
(178, 'DP Conway',5,178,7,24,NULL,37,0,3,262,NULL,8),
(179, 'B Kumar',3,179,55,11,'Right_Hand',4,0,0,260,'Right-arm medium',32),
(180, 'JO Holder',7,180,24,2,'Right_Hand',10,0,0,259,'Right-arm medium-fast',12),
(181, 'SM Katich',11,181,11,1,'Left_Hand',23,0,2,254,'Slow left-arm chinaman',12),
(182, 'MD Mishra',16,182,17,10,'Right_Hand',14,0,0,254,'Right-arm offbreak',13),
(183, 'BCJ Cutting',10,183,17,14,'Right_Hand',14,0,0,251,'Right-arm fast-medium',12),
(184, 'Lalit Yadav',4,184,13,16,NULL,19,0,1,251,NULL,13),
(185, 'HV Patel',2,185,31,9,'Right_Hand',7,0,0,243,'Right-arm medium',19),
(186, 'JM Sharma',9,186,10,10,NULL,24,0,0,241,NULL,9),
(187, 'AA Jhunjhunwala',17,187,15,9,'Right_Hand',15,0,1,235,'Right-arm offbreak',11),
(188, 'K Goel',11,188,16,14,'Left_Hand',14,0,0,234,'Right-arm offbreak',9),
(189, 'Abdul Samad',3,189,19,4,NULL,12,0,0,232,NULL,11),
(190, 'PBB Rajapaksa',9,190,9,3,NULL,24,0,0,218,NULL,1),
(191, 'TM Head',2,191,10,1,'Left_Hand',21,0,1,214,'Right-arm offbreak',9),
(192, 'CA Ingram',4,192,15,3,'Left_Hand',14,0,0,214,'Legbreak',6),
(193, 'PD Collingwood',12,193,7,2,'Right_Hand',30,0,3,213,'Right-arm medium',8),
(194, 'Salman Butt',8,194,7,7,'Left_Hand',30,0,2,211,'Right-arm offbreak',7),
(195, 'MS Wade',6,195,13,11,'Left_Hand',16,0,0,210,'Right-arm medium',9),
(196, 'SK Warne',1,196,27,2,'Right_Hand',7,0,0,210,'Legbreak googly',21),
(197, 'SP Fleming',5,197,10,4,'Left_Hand',20,0,0,209,NULL,9),
(198, 'KS Bharat',4,198,8,13,NULL,26,0,1,209,NULL,6),
(199, 'YV Takawale',2,199,10,7,'Right_Hand',20,0,0,207,NULL,8),
(200, 'FY Fazal',1,200,11,7,'Left_Hand',18,0,0,207,'Right-arm medium',8),
(201, 'JC Archer',1,201,21,3,NULL,9,0,0,205,NULL,9),
(202, 'BJ Rohrer',12,202,8,10,'Left_Hand',25,0,1,205,NULL,4),
(203, 'AS Raut',1,203,16,21,'Right_Hand',12,0,0,204,'Legbreak googly',9),
(204, 'K Rabada',9,204,23,3,NULL,8,0,0,201,NULL,21),
(205, 'CM Gautam',12,205,13,6,'Right_Hand',15,0,0,199,NULL,10),
(206, 'CR Brathwaite',8,206,14,10,'Right_Hand',14,0,0,198,'Right-arm fast-medium',4),
(207, 'R Dhawan',9,207,20,11,'Right_Hand',9,0,0,197,'Right-arm medium-fast',15),
(208, 'Mohammad Nabi',3,208,14,4,NULL,13,0,0,195,NULL,7),
(209, 'AB Agarkar',12,209,18,6,'Right_Hand',10,0,0,193,'Right-arm fast',14),
(210, 'TH David',10,210,9,14,NULL,21,0,0,192,NULL,4),
(211, 'K Gowtham',7,211,20,1,NULL,9,0,0,192,NULL,7),
(212, 'AC Voges',1,212,7,7,'Right_Hand',27,0,0,190,'Slow left-arm orthodox',9),
(213, 'Bipul Sharma',3,213,17,32,'Left_Hand',11,0,0,190,'Slow left-arm orthodox',16),
(214, 'UT Yadav',8,214,41,12,'Right_Hand',4,0,0,189,'Right-arm fast-medium',27),
(215, 'DH Yagnik',1,215,17,5,'Left_Hand',11,0,0,187,NULL,6),
(216, 'S Gopal',3,216,22,4,'Right_Hand',8,0,0,186,'Legbreak',19),
(217, 'C Munro',4,217,11,15,'Left_Hand',16,0,0,185,'Right-arm medium-fast',7),
(218, 'MG Johnson',8,218,28,21,'Left_Hand',6,0,0,183,'Left-arm fast',15),
(219, 'SN Thakur',4,219,23,4,'Right_Hand',7,0,0,183,'Right-arm medium',9),
(220, 'MF Maharoof',12,220,14,22,'Right_Hand',12,0,0,181,'Right-arm fast-medium',5),
(221, 'DW Steyn',2,221,33,7,'Right_Hand',5,0,0,179,'Right-arm fast',10),
(222, 'MN van Wyk',8,222,5,2,'Right_Hand',35,0,1,175,'Slow left-arm orthodox',5),
(223, 'MN Samuels',12,223,14,19,'Right_Hand',12,0,1,174,'Right-arm offbreak',8),
(224, 'JD Unadkat',10,224,21,8,'Right_Hand',8,0,0,174,'Left-arm medium',9),
(225, 'A Badoni',7,225,11,5,NULL,15,0,1,173,NULL,7),
(226, 'R McLaren',8,226,13,2,'Left_Hand',13,0,1,172,'Right-arm medium-fast',16),
(227, 'PA Reddy',3,227,10,6,'Right_Hand',17,0,0,172,'Legbreak',8),
(228, 'RE van der Merwe',12,228,15,3,'Right_Hand',11,0,0,170,'Slow left-arm orthodox',6),
(229, 'D Brevis',10,229,7,11,NULL,24,0,0,168,NULL,3),
(230, 'S Anirudha',3,230,12,1,'Right_Hand',13,0,1,164,NULL,5),
(231, 'S Vidyut',5,231,8,2,'Left_Hand',19,0,1,156,'Slow left-arm orthodox',2),
(232, 'SM Pollock',10,232,8,1,'Right_Hand',19,0,0,154,'Right-arm fast-medium',8),
(233, 'B Sai Sudharsan',6,233,5,5,NULL,30,0,1,153,NULL,9),
(234, 'Sachin Baby',2,234,11,2,'Left_Hand',13,0,0,153,'Right-arm offbreak',8),
(235, 'AD Hales',3,235,6,11,NULL,25,0,0,152,NULL,2),
(236, 'N Saini',11,236,10,10,'Right_Hand',14,0,1,145,NULL,3),
(237, 'Anuj Rawat',2,237,9,11,NULL,15,0,1,143,NULL,7),
(238, 'DL Vettori',2,238,16,2,'Left_Hand',8,0,0,141,'Slow left-arm orthodox',8),
(239, 'SB Styris',5,239,10,4,'Right_Hand',13,0,0,139,'Right-arm medium',5),
(240, 'W Jaffer',2,240,8,NULL,'Right_Hand',17,0,1,139,'Right-arm offbreak',8),
(241, 'MC Juneja',12,241,7,5,'Right_Hand',19,0,1,138,'Right-arm offbreak',8),
(242, 'D Wiese',2,242,8,1,'Right_Hand',17,0,0,136,'Right-arm medium-fast',7),
(243, 'UT Khawaja',13,243,6,8,'Left_Hand',22,0,0,134,'Right-arm medium',6),
(244, 'B Lee',8,244,19,3,'Right_Hand',7,0,0,133,'Right-arm fast',9),
(245, 'BB Samantray',3,245,8,5,'Right_Hand',16,0,1,132,NULL,7),
(246, 'Kamran Akmal',1,246,6,5,'Right_Hand',22,0,1,132,NULL,8),
(247, 'P Dogra',8,247,12,6,'Right_Hand',10,0,0,131,'Legbreak',10),
(248, 'NK Patel',1,248,6,NULL,'Left_Hand',21,0,1,131,NULL,5),
(249, 'AB McDonald',2,249,9,2,'Right_Hand',14,0,0,130,'Right-arm fast-medium',5),
(250, 'TK Curran',4,250,10,11,NULL,13,0,1,130,NULL,11),
(251, 'M Morkel',8,251,20,16,'Left_Hand',6,0,0,130,'Right-arm fast',10),
(252, 'MM Sharma',5,252,25,4,'Right_Hand',5,0,0,127,'Right-arm medium',16),
(253, 'AC Blizzard',10,253,7,1,'Left_Hand',18,0,1,126,'Left-arm medium',3),
(254, 'Misbah-ul-Haq',2,254,8,2,'Right_Hand',15,0,0,124,'Legbreak',4),
(255, 'DJM Short',1,255,7,21,NULL,17,0,0,123,NULL,6),
(256, 'TG Southee',8,256,19,11,'Right_Hand',6,0,0,123,'Right-arm medium-fast',10),
(257, 'KK Cooper',1,257,12,5,'Right_Hand',10,0,0,122,'Right-arm medium',2),
(258, 'SE Rutherford',2,258,9,20,NULL,13,0,0,122,NULL,4),
(259, 'Z Khan',12,259,27,18,'Right_Hand',4,0,0,121,'Left-arm fast-medium',9),
(260, 'M Kartik',2,260,14,18,'Left_Hand',8,0,0,119,'Slow left-arm orthodox',11),
(261, 'RJ Harris',11,261,21,5,'Right_Hand',5,0,0,119,'Right-arm fast',12),
(262, 'DJ Harris',17,262,4,5,'Right_Hand',29,0,0,119,'Right-arm medium',3),
(263, 'Harpreet Brar',9,263,9,2,NULL,13,0,0,117,NULL,5),
(264, 'RJ Quiney',1,264,7,4,'Left_Hand',16,0,1,114,'Right-arm medium',6),
(265, 'A Manohar',6,265,7,10,NULL,16,0,0,112,NULL,NULL),
(266, 'Kuldeep Yadav',4,266,17,18,'Left_Hand',6,0,0,111,'Slow left-arm chinaman',11),
(267, 'DS Kulkarni',10,267,20,2,'Right_Hand',5,0,0,111,'Right-arm medium',13),
(268, 'LJ Wright',16,268,5,7,'Right_Hand',22,0,0,110,'Right-arm medium-fast',2),
(269, 'JDP Oram',1,269,11,14,'Left_Hand',10,0,0,110,'Right-arm fast-medium',10),
(270, 'RD Chahar',9,270,18,16,NULL,6,0,0,110,NULL,12),
(271, 'MA Starc',2,271,11,4,'Left_Hand',9,0,0,107,'Left-arm fast',7),
(272, 'MS Gony',11,272,15,2,'Right_Hand',7,0,0,106,'Right-arm medium',9),
(273, 'SD Chitnis',11,273,8,7,'Right_Hand',13,0,0,104,'Right-arm offbreak',4),
(274, 'AJ Tye',1,274,13,4,NULL,8,0,0,104,NULL,4),
(275, 'RT Ponting',10,275,9,1,'Right_Hand',11,0,0,104,'Right-arm medium',7),
(276, 'MJ Clarke',16,276,6,10,'Right_Hand',17,0,0,104,'Slow left-arm orthodox',5),
(277, 'PR Shah',1,277,9,21,'Right_Hand',11,0,0,104,NULL,5),
(278, 'Mohammed Siraj',2,278,17,3,NULL,6,0,0,103,NULL,6),
(279, 'DJ Jacobs',10,279,7,2,'Right_Hand',14,0,0,102,'Right-arm medium',NULL),
(280, 'CJ Ferguson',16,280,8,12,'Right_Hand',12,0,0,101,'Right-arm medium',5),
(281, 'Iqbal Abdulla',2,281,13,3,'Left_Hand',7,0,0,97,'Slow left-arm orthodox',10),
(282, 'S Rana',2,282,8,15,'Right_Hand',12,0,0,96,'Right-arm medium-fast',5),
(283, 'SL Malinga',10,283,20,2,'Right_Hand',4,0,0,95,'Right-arm fast',16),
(284, 'JDS Neesham',1,284,10,1,'Left_Hand',9,0,0,95,'Right-arm medium',6),
(285, 'MJ McClenaghan',10,285,20,2,'Left_Hand',4,0,0,92,'Left-arm fast-medium',8),
(286, 'AD Nath',2,286,10,NULL,'Right_Hand',9,0,0,91,'Right-arm medium-fast',3),
(287, 'AP Majumdar',16,287,4,4,'Right_Hand',22,0,0,90,'Legbreak googly',4),
(288, 'Ankit Sharma',NULL,288,10,2,'Left_Hand',8,0,0,89,'Slow left-arm orthodox',6),
(289, 'RE Levi',10,289,6,4,'Right_Hand',14,0,1,89,'Right-arm medium',4),
(290, 'LA Carseldine',1,290,5,NULL,'Left_Hand',17,0,0,87,'Left-arm medium',6),
(291, 'JR Philippe',2,291,5,10,NULL,17,0,0,86,NULL,4),
(292, 'NM Coulter-Nile',1,292,16,10,'Right_Hand',5,0,0,86,'Right-arm fast',5),
(293, 'DL Chahar',5,293,11,2,'Right_Hand',7,0,0,85,'Right-arm medium',3),
(294, 'IR Jaggi',8,294,7,NULL,'Right_Hand',12,0,0,84,'Legbreak googly',5),
(295, 'WPUJC Vaas',17,295,11,4,'Left_Hand',7,0,0,84,'Left-arm fast-medium',6),
(296, 'Shahid Afridi',17,296,9,2,'Right_Hand',9,0,0,82,'Legbreak googly',3),
(297, 'AD Mascarenhas',11,297,11,3,'Right_Hand',7,0,0,81,'Right-arm fast-medium',4),
(298, 'B Akhil',17,298,11,13,'Right_Hand',7,0,0,80,'Right-arm medium-fast',7),
(299, 'CJ Jordan',5,299,10,NULL,'Right_Hand',8,0,0,80,'Right-arm fast-medium',5),
(300, 'TR Birt',12,300,5,1,'Left_Hand',15,0,0,79,'Right-arm medium',3),
(301, 'AA Bilakhia',17,301,7,6,'Right_Hand',11,0,0,78,'Right-arm medium',3),
(302, 'CR Woakes',4,302,12,NULL,NULL,6,0,0,78,NULL,6),
(303, 'N Jagadeesan',5,303,4,1,NULL,19,0,0,78,NULL,3),
(304, 'RR Sarwan',11,304,4,NULL,'Right_Hand',19,0,0,77,'Legbreak',1),
(305, 'M Klinger',17,305,4,17,'Right_Hand',19,0,0,77,NULL,4),
(306, 'J Suchith',3,306,9,6,'Left_Hand',8,0,0,76,'Slow left-arm orthodox',7),
(307, 'WD Parnell',12,307,12,13,'Left_Hand',6,0,0,74,'Left-arm medium-fast',6),
(308, 'Mohammed Shami',9,308,21,3,'Right_Hand',3,0,0,72,'Right-arm fast-medium',9),
(309, 'A Flintoff',5,309,3,5,'Right_Hand',24,0,0,72,'Right-arm fast-medium',3),
(310, 'SS Prabhudessai',2,310,5,5,NULL,14,0,0,72,NULL,1),
(311, 'LH Ferguson',6,311,6,10,NULL,11,0,0,71,NULL,5),
(312, 'R Sharma',16,312,19,3,'Right_Hand',3,0,0,71,'Right-arm offbreak',6),
(313, 'Shashank Singh',3,313,5,1,NULL,14,0,0,70,NULL,5),
(314, 'Mohammad Hafeez',8,314,8,2,'Right_Hand',8,0,0,69,'Right-arm offbreak',2),
(315, 'KA Jamieson',2,315,7,4,NULL,9,0,0,69,NULL,7),
(316, 'H Klaasen',2,316,6,5,NULL,11,0,0,68,NULL,6),
(317, 'RR Powar',17,317,9,3,'Right_Hand',7,0,0,68,'Right-arm offbreak',5),
(318, 'Anirudh Singh',17,318,4,2,'Left_Hand',16,0,0,66,'Right-arm medium',5),
(319, 'P Simran Singh',9,319,6,5,NULL,10,0,0,65,NULL,2),
(320, 'S Aravind',2,320,10,12,'Left_Hand',6,0,0,64,'Left-arm medium-fast',10),
(321, 'KB Arun Karthik',2,321,8,4,'Right_Hand',8,0,0,64,'Legbreak googly',2),
(322, 'MJ Santner',5,322,6,NULL,NULL,10,0,0,64,NULL,4),
(323, 'R Shepherd',3,323,3,5,NULL,21,0,0,63,NULL,4),
(324, 'WA Mota',11,324,8,7,'Right_Hand',7,0,0,63,'Right-arm medium',4),
(325, 'SP Jackson',8,325,8,3,NULL,7,0,0,61,NULL,4),
(326, 'RV Gomez',16,326,9,11,'Right_Hand',6,0,0,60,'Right-arm medium',4),
(327, 'JJ Bumrah',10,327,22,27,'Right_Hand',2,0,0,60,'Right-arm medium',10),
(328, 'RP Singh',10,328,28,16,'Right_Hand',2,0,0,59,'Left-arm fast-medium',15),
(329, 'M Rawat',16,329,11,2,'Right_Hand',5,0,0,59,NULL,10),
(330, 'A Chopra',8,330,6,2,'Right_Hand',9,0,0,58,'Right-arm offbreak',3),
(331, 'OF Smith',9,331,6,16,NULL,9,0,0,58,NULL,6),
(332, 'I Sharma',4,332,18,10,'Right_Hand',3,0,0,58,'Right-arm fast-medium',9),
(333, 'Sandeep Sharma',3,333,23,6,'Right_Hand',2,0,0,58,'Right-arm medium',13),
(334, 'Shoaib Malik',12,334,5,4,'Right_Hand',11,0,0,57,'Right-arm offbreak',3),
(335, 'R Rampaul',2,335,7,1,'Left_Hand',8,0,0,56,'Right-arm fast-medium',2),
(336, 'AG Paunikar',1,336,5,24,'Right_Hand',11,0,0,56,NULL,1),
(337, 'TA Boult',1,337,14,16,'Right_Hand',3,0,0,54,'Left-arm fast-medium',4),
(338, 'Shivam Mavi',8,338,11,3,NULL,4,0,0,54,NULL,7),
(339, 'RR Rossouw',2,339,5,2,'Left_Hand',10,0,0,54,'Right-arm offbreak',4),
(340, 'DJ Thornely',10,340,4,2,'Right_Hand',13,0,0,53,'Right-arm medium',3),
(341, 'SB Bangar',8,341,7,1,'Right_Hand',7,0,0,53,'Right-arm medium-fast',4),
(342, 'AS Yadav',17,342,6,3,NULL,8,0,0,52,NULL,3),
(343, 'VR Aaron',1,343,12,NULL,'Right_Hand',4,0,0,52,'Right-arm fast',7),
(344, 'Ramandeep Singh',10,344,4,17,NULL,12,0,0,50,NULL,3),
(345, 'A Nehra',3,345,17,3,'Right_Hand',2,0,0,49,'Left-arm medium-fast',4),
(346, 'Yashpal Singh',8,346,4,2,'Right_Hand',12,0,0,49,'Right-arm medium',2),
(347, 'PVD Chameera',7,347,7,10,NULL,6,0,0,48,NULL,5),
(348, 'DR Sams',10,348,13,12,NULL,3,0,0,48,NULL,5),
(349, 'SK Trivedi',1,349,14,11,'Right_Hand',3,0,0,47,'Right-arm medium',6),
(350, 'S Nadeem',3,350,20,1,'Right_Hand',2,0,0,46,'Slow left-arm orthodox',18),
(351, 'PWH de Silva',2,351,9,NULL,NULL,5,0,0,45,NULL,3),
(352, 'Umar Gul',8,352,4,4,'Right_Hand',11,0,0,44,'Right-arm fast-medium',1),
(353, 'BR Dunk',10,353,3,2,'Left_Hand',14,0,0,44,NULL,2),
(354, 'D Pretorius',5,354,5,3,NULL,8,0,0,44,NULL,1),
(355, 'S Sreesanth',1,355,12,1,'Right_Hand',3,0,0,44,'Right-arm fast-medium',9),
(356, 'Sunny Singh',11,356,5,2,'Right_Hand',8,0,0,44,'Right-arm medium-fast',2),
(357, 'HR Shokeen',10,357,2,NULL,NULL,22,0,0,44,NULL,1),
(358, 'AB Barath',11,358,3,21,'Right_Hand',14,0,0,44,'Right-arm offbreak',1),
(359, 'YS Chahal',1,359,17,3,'Right_Hand',2,0,0,43,'Legbreak googly',9),
(360, 'LPC Silva',17,360,3,9,'Right_Hand',14,0,0,43,'Legbreak',2),
(361, 'A Kumble',2,361,15,2,'Right_Hand',2,0,0,42,'Legbreak googly',8),
(362, 'AUK Pathan',2,362,7,5,'Right_Hand',6,0,0,42,'Right-arm medium',1),
(363, 'J Yadav',10,363,4,9,'Right_Hand',10,0,0,42,'Right-arm offbreak',3),
(364, 'L Balaji',11,364,13,5,'Right_Hand',3,0,0,41,'Right-arm medium-fast',2),
(365, 'Anureet Singh',1,365,8,12,'Right_Hand',5,0,0,40,'Right-arm medium',6),
(366, 'MM Patel',14,366,12,4,'Right_Hand',3,0,0,40,'Right-arm medium-fast',8),
(367, 'Sohail Tanvir',1,367,5,NULL,'Left_Hand',8,0,0,40,'Left-arm medium-fast',3),
(368, 'S Sriram',12,368,2,1,'Left_Hand',19,0,0,39,'Slow left-arm orthodox',1),
(369, 'S Narwal',8,369,4,2,'Left_Hand',9,0,0,39,'Right-arm medium',1),
(370, 'AN Ahmed',2,370,6,1,'Right_Hand',6,0,0,38,'Right-arm medium-fast',3),
(371, 'RJ Peterson',10,371,5,7,'Left_Hand',7,0,0,37,'Slow left-arm orthodox',2),
(372, 'A Mithun',2,372,6,4,'Right_Hand',6,0,0,37,'Right-arm medium',2),
(373, 'L Ronchi',10,373,5,5,'Right_Hand',7,0,0,37,NULL,3),
(374, 'KW Richardson',2,374,4,3,'Right_Hand',9,0,0,36,'Right-arm fast-medium',2),
(375, 'NS Naik',8,375,4,4,'Right_Hand',9,0,0,36,NULL,2),
(376, 'B Sumanth',17,376,4,4,'Right_Hand',9,0,0,36,'Right-arm medium-fast',4),
(377, 'Basil Thampi',3,377,7,5,NULL,5,0,0,36,NULL,2),
(378, 'Joginder Sharma',5,378,5,2,'Right_Hand',7,0,0,36,'Right-arm fast-medium',1),
(379, 'AP Dole',1,379,2,8,'Right_Hand',17,0,0,35,'Right-arm medium-fast',NULL),
(380, 'Navdeep Saini',1,380,7,2,NULL,5,0,0,35,NULL,4),
(381, 'DJ Mitchell',1,381,2,7,NULL,17,0,0,35,NULL,1),
(382, 'M Ashwin',10,382,12,2,'Right_Hand',2,0,0,35,'Legbreak googly',7),
(383, 'AT Carey',4,383,3,8,NULL,11,0,0,34,NULL,1),
(384, 'PJ Sangwan',6,384,14,8,'Right_Hand',2,0,0,34,'Left-arm medium',5),
(385, 'Imran Tahir',5,385,8,2,'Right_Hand',4,0,0,34,'Legbreak googly',6),
(386, 'RV Patel',4,386,3,2,NULL,11,0,0,33,NULL,1),
(387, 'D Salunkhe',1,387,3,5,'Right_Hand',11,0,0,33,'Legbreak',3),
(388, 'M Markande',10,388,7,1,NULL,4,0,0,31,NULL,1),
(389, 'TL Seifert',4,389,3,1,NULL,10,0,0,31,NULL,NULL),
(390, 'T Taibu',8,390,3,6,'Right_Hand',10,0,0,31,'Right-arm medium',1),
(391, 'Avesh Khan',7,391,6,7,NULL,5,0,0,31,NULL,3),
(392, 'AB Dinda',NULL,392,16,1,'Right_Hand',1,0,0,30,'Right-arm medium-fast',5),
(393, 'J Syed Mohammad',2,393,5,2,'Left_Hand',6,0,0,30,'Slow left-arm orthodox',1),
(394, 'ER Dwivedi',14,394,2,19,'Right_Hand',14,0,0,29,NULL,NULL),
(395, 'SB Jakati',14,395,5,NULL,'Left_Hand',5,0,0,29,'Slow left-arm orthodox',9),
(396, 'VH Zol',2,396,2,1,'Left_Hand',14,0,0,29,'Right-arm offbreak',2),
(397, 'Anmolpreet Singh',10,397,3,6,NULL,9,0,0,29,NULL,1),
(398, 'Arshdeep Singh',9,398,9,1,NULL,3,0,0,28,NULL,2),
(399, 'NL McCullum',16,399,2,1,'Right_Hand',14,0,0,28,'Right-arm offbreak',3),
(400, 'DJ Malan',9,400,1,5,NULL,27,0,0,27,NULL,NULL),
(401, 'CV Varun',8,401,8,1,NULL,3,0,0,27,NULL,5),
(402, 'JM Kemp',5,402,2,NULL,'Right_Hand',13,0,0,27,'Right-arm fast-medium',1),
(403, 'MA Khote',10,403,3,1,'Right_Hand',9,0,0,27,'Right-arm medium',2),
(404, 'GD Phillips',1,404,3,NULL,NULL,9,0,0,27,NULL,1),
(405, 'S Chanderpaul',2,405,3,3,'Left_Hand',9,0,0,27,'Legbreak',1),
(406, 'AS Rajpoot',1,406,7,1,'Right_Hand',3,0,0,27,'Right-arm medium',4),
(407, 'Mohsin Khan',7,407,3,3,NULL,8,0,0,26,NULL,2),
(408, 'DJ Willey',2,408,2,NULL,NULL,12,0,0,25,NULL,1),
(409, 'HE van der Dussen',1,409,3,7,NULL,8,0,0,25,NULL,3),
(410, 'AF Milne',10,410,6,NULL,'Right_Hand',4,0,0,25,'Right-arm fast',6),
(411, 'A Choudhary',2,411,3,NULL,NULL,8,0,0,25,NULL,3),
(412, 'J Arunkumar',2,412,3,6,'Right_Hand',8,0,0,25,'Right-arm offbreak',1),
(413, 'DE Bollinger',5,413,4,2,'Left_Hand',6,0,0,24,'Left-arm fast-medium',1),
(414, 'KC Cariappa',8,414,5,2,'Right_Hand',4,0,0,24,'Legbreak',2),
(415, 'BMAJ Mendis',12,415,3,5,'Left_Hand',7,0,0,23,'Legbreak',3),
(416, 'SW Tait',1,416,5,9,'Right_Hand',4,0,0,23,'Right-arm fast',3),
(417, 'KL Nagarkoti',8,417,7,NULL,NULL,3,0,0,23,NULL,2),
(418, 'SA Abbott',3,418,3,14,'Right_Hand',7,0,0,23,'Right-arm fast-medium',2),
(419, 'M Muralitharan',2,419,9,6,'Right_Hand',2,0,0,22,'Right-arm offbreak',3),
(420, 'KMA Paul',4,420,5,4,NULL,4,0,0,22,NULL,3),
(421, 'GB Hogg',8,421,4,1,'Left_Hand',5,0,0,22,'Slow left-arm chinaman',4),
(422, 'B Indrajith',8,422,3,14,NULL,7,0,0,22,NULL,1),
(423, 'PP Ojha',10,423,19,NULL,'Left_Hand',1,0,0,22,'Slow left-arm orthodox',11),
(424, 'C Madan',10,424,1,NULL,'Right_Hand',22,0,0,22,NULL,NULL),
(425, 'DR Martyn',1,425,1,6,'Right_Hand',21,0,0,21,'Right-arm medium',2),
(426, 'VY Mahesh',12,426,5,2,'Right_Hand',4,0,0,21,'Right-arm medium-fast',7),
(427, 'TU Deshpande',4,427,2,3,NULL,10,0,0,21,NULL,2),
(428, 'AC Thomas',16,428,4,NULL,'Right_Hand',5,0,0,20,'Right-arm fast-medium',1),
(429, 'P Ray Barman',2,429,1,1,NULL,20,0,0,20,NULL,NULL),
(430, 'AS Joseph',6,430,4,8,NULL,5,0,0,20,NULL,3),
(431, 'S Kaul',3,431,9,NULL,'Right_Hand',2,0,0,20,'Right-arm medium',4),
(432, 'T Banton',8,432,2,3,NULL,10,0,0,20,NULL,1),
(433, 'RR Raje',10,433,5,3,'Right_Hand',4,0,0,20,'Right-arm fast-medium',2),
(434, 'A Mukund',2,434,2,2,'Left_Hand',10,0,0,20,'Legbreak googly',1),
(435, 'Harpreet Singh',16,435,3,2,'Left_Hand',6,0,0,20,'Right-arm medium',2),
(436, 'Y Gnaneswara Rao',17,436,1,NULL,'Right_Hand',20,0,0,20,'Right-arm medium',NULL),
(437, 'DS Lehmann',1,437,2,1,'Left_Hand',10,0,0,20,'Slow left-arm orthodox',NULL),
(438, 'NJ Maddinson',2,438,3,1,'Left_Hand',6,0,0,20,'Slow left-arm orthodox',NULL),
(439, 'PV Tambe',14,439,6,NULL,'Right_Hand',3,0,0,20,'Legbreak',4),
(440, 'P Sahu',11,440,2,NULL,'Right_Hand',9,0,0,19,'Legbreak googly',2),
(441, 'Vishnu Vinod',2,441,3,4,NULL,6,0,0,19,NULL,1),
(442, 'CK Kapugedera',5,442,3,NULL,'Right_Hand',6,0,0,19,'Right-arm medium',1),
(443, 'JJ van der Wath',2,443,3,1,'Right_Hand',6,0,0,19,'Right-arm medium-fast',2),
(444, 'NT Ellis',9,444,3,1,NULL,6,0,0,19,NULL,NULL),
(445, 'JR Hazlewood',2,445,5,3,NULL,3,0,0,19,NULL,3),
(446, 'R Shukla',12,446,4,1,'Right_Hand',4,0,0,19,'Right-arm medium',1),
(447, 'R Bishnoi',2,447,3,3,'Right_Hand',6,0,0,19,'Right-arm medium-fast',NULL),
(448, 'Harmeet Singh',11,448,4,6,'Left_Hand',4,0,0,18,'Slow left-arm orthodox',5),
(449, 'C Sakariya',1,449,5,3,NULL,3,0,0,18,NULL,5),
(450, 'Parvez Rasool',2,450,4,NULL,'Right_Hand',4,0,0,18,'Right-arm offbreak',3),
(451, 'BJ Haddin',8,451,1,6,'Right_Hand',18,0,0,18,NULL,NULL),
(452, 'DR Shorey',5,452,2,1,NULL,8,0,0,16,NULL,1),
(453, 'JA Richardson',9,453,2,2,NULL,8,0,0,16,NULL,NULL),
(454, 'Virat Singh',3,454,2,NULL,NULL,8,0,0,16,NULL,NULL),
(455, 'MDKJ Perera',1,455,2,NULL,'Left_Hand',7,0,0,15,NULL,NULL),
(456, 'TD Paine',16,456,2,2,'Right_Hand',7,0,0,15,'Right-arm medium',2),
(457, 'S Badree',2,457,5,3,'Right_Hand',3,0,0,15,'Legbreak',2),
(458, 'I Udana',2,458,4,2,NULL,3,0,0,15,NULL,1),
(459, 'FA Allen',10,459,3,NULL,NULL,5,0,0,15,NULL,NULL),
(460, 'GR Napier',10,460,1,2,'Right_Hand',15,0,0,15,'Right-arm medium',NULL),
(461, 'JL Pattinson',10,461,2,NULL,NULL,7,0,0,15,NULL,2),
(462, 'SD Lad',10,462,1,1,NULL,15,0,0,15,NULL,NULL),
(463, 'F Behardien',11,463,3,2,'Right_Hand',4,0,0,14,'Right-arm fast-medium',1),
(464, 'Mujeeb Ur Rahman',3,464,6,3,NULL,2,0,0,14,NULL,3),
(465, 'Kartik Tyagi',3,465,6,2,NULL,2,0,0,14,NULL,5),
(466, 'DT Patil',2,466,2,NULL,'Right_Hand',6,0,0,13,NULL,1),
(467, 'DNT Zoysa',17,467,2,3,'Left_Hand',6,0,0,13,'Left-arm fast-medium',2),
(468, 'T Thushara',5,468,4,2,'Left_Hand',3,0,0,13,'Left-arm fast-medium',2),
(469, 'SM Harwood',1,469,2,NULL,'Right_Hand',6,0,0,13,'Right-arm fast-medium',NULL),
(470, 'KJ Abbott',11,470,3,1,'Right_Hand',4,0,0,13,'Right-arm fast-medium',NULL),
(471, 'M Ntini',5,471,2,NULL,'Right_Hand',6,0,0,12,'Right-arm fast',NULL),
(472, 'Swapnil Singh',11,472,3,NULL,'Right_Hand',4,0,0,12,'Slow left-arm orthodox',2),
(473, 'T Henderson',1,473,2,1,'Right_Hand',6,0,0,12,'Right-arm fast-medium',2),
(474, 'K Upadhyay',16,474,2,4,'Right_Hand',6,0,0,12,'Right-arm medium',1),
(475, 'BB Sran',10,475,7,1,'Left_Hand',1,0,0,12,'Left-arm medium',5),
(476, 'DAJ Bracewell',12,476,1,5,'Right_Hand',12,0,0,12,'Right-arm fast-medium',1),
(477, 'T Kohli',11,477,3,1,'Right_Hand',4,0,0,12,'Right-arm medium',1),
(478, 'Rasikh Salam',8,478,2,NULL,NULL,6,0,0,12,NULL,2),
(479, 'AR Bawne',12,479,1,3,NULL,12,0,0,12,NULL,1),
(480, 'AA Chavan',1,480,3,4,'Left_Hand',4,0,0,12,'Slow left-arm orthodox',2),
(481, 'Mustafizur Rahman',4,481,5,2,'Left_Hand',2,0,0,12,'Left-arm fast-medium',3),
(482, 'Karanveer Singh',11,482,4,NULL,'Right_Hand',3,0,0,12,'Legbreak googly',1),
(483, 'AA Noffke',2,483,1,NULL,'Right_Hand',11,0,0,11,'Right-arm fast-medium',1),
(484, 'M Theekshana',5,484,2,1,NULL,5,0,0,11,NULL,NULL),
(485, 'J Theron',1,485,4,2,'Right_Hand',2,0,0,11,'Right-arm medium-fast',1),
(486, 'SMSM Senanayake',8,486,4,NULL,'Right_Hand',2,0,0,11,'Right-arm offbreak',3),
(487, 'RA Bawa',9,487,2,NULL,NULL,5,0,0,11,NULL,1),
(488, 'X Thalaivan Sargunam',3,488,1,4,'Right_Hand',10,0,0,10,'Right-arm offbreak',NULL),
(489, 'M Jansen',3,489,4,1,NULL,2,0,0,10,NULL,1),
(490, 'KAJ Roach',17,490,1,NULL,'Right_Hand',10,0,0,10,'Right-arm fast',1),
(491, 'D du Preez',2,491,1,3,'Right_Hand',10,0,0,10,'Right-arm fast-medium',2),
(492, 'AG Murtaza',16,492,3,NULL,'Left_Hand',3,0,0,10,'Slow left-arm orthodox',NULL),
(493, 'IS Sodhi',1,493,2,2,NULL,5,0,0,10,NULL,NULL),
(494, 'VS Malik',1,494,2,1,'Right_Hand',4,0,0,9,'Right-arm medium',NULL),
(495, 'TS Mills',10,495,5,1,NULL,1,0,0,9,NULL,2),
(496, 'Ankit Soni',14,496,3,1,NULL,3,0,0,9,NULL,NULL),
(497, 'UA Birla',16,497,1,7,'Right_Hand',9,0,0,9,'Right-arm medium',NULL),
(498, 'Ravi Bishnoi',7,498,4,7,NULL,2,0,0,9,NULL,4),
(499, 'A Nortje',4,499,4,9,NULL,2,0,0,9,NULL,2),
(500, 'M Prasidh Krishna',1,500,7,NULL,NULL,1,0,0,9,NULL,6),
(501, 'Jaskaran Singh',17,501,4,1,'Right_Hand',2,0,0,8,'Right-arm medium',2),
(502, 'OC McCoy',1,502,1,1,NULL,8,0,0,8,NULL,1),
(503, 'P Chopra',1,503,1,2,NULL,8,0,0,8,NULL,NULL),
(504, 'TM Srivastava',11,504,3,1,'Left_Hand',2,0,0,8,'Right-arm medium',NULL),
(505, 'P Dubey',4,505,1,NULL,NULL,8,0,0,8,NULL,2),
(506, 'CJ McKay',10,506,1,NULL,'Right_Hand',8,0,0,8,'Right-arm fast-medium',NULL),
(507, 'RK Bhui',3,507,2,NULL,NULL,4,0,0,8,NULL,NULL),
(508, 'CK Langeveldt',2,508,2,NULL,'Right_Hand',4,0,0,8,'Right-arm fast-medium',1),
(509, 'SB Joshi',2,509,2,4,'Left_Hand',4,0,0,8,'Slow left-arm orthodox',NULL),
(510, 'JPR Scantlebury-Searles',8,510,2,1,NULL,4,0,0,8,NULL,NULL),
(511, 'Simarjeet Singh',5,511,3,NULL,NULL,2,0,0,7,NULL,1),
(512, 'I Malhotra',17,512,1,1,'Right_Hand',7,0,0,7,'Right-arm medium-fast',NULL),
(513, 'AN Ghosh',8,513,2,2,'Right_Hand',3,0,0,7,'Right-arm medium',NULL),
(514, 'Pankaj Singh',2,514,5,2,'Right_Hand',1,0,0,7,'Right-arm medium-fast',NULL),
(515, 'SS Shaikh',8,515,1,3,'Right_Hand',6,0,0,6,'Right-arm medium',1),
(516, 'KMDN Kulasekara',5,516,1,NULL,'Right_Hand',6,0,0,6,'Right-arm fast-medium',1),
(517, 'PSP Handscomb',13,517,1,3,'Right_Hand',6,0,0,6,NULL,NULL),
(518, 'Mukesh Choudhary',5,518,2,NULL,NULL,3,0,0,6,NULL,2),
(519, 'DM Bravo',8,519,1,1,NULL,6,0,0,6,NULL,1),
(520, 'VG Arora',9,520,4,NULL,NULL,1,0,0,6,NULL,1),
(521, 'GC Viljoen',11,521,3,NULL,NULL,2,0,0,6,NULL,NULL),
(522, 'BA Bhatt',11,522,2,2,'Left_Hand',3,0,0,6,'Slow left-arm orthodox',1),
(523, 'Mohammad Ashraful',10,523,1,2,'Right_Hand',5,0,0,5,'Right-arm offbreak',NULL),
(524, 'SJ Srivastava',11,524,4,3,'Right_Hand',1,0,0,5,'Left-arm fast-medium',1),
(525, 'Umran Malik',3,525,4,1,NULL,1,0,0,5,NULL,1),
(526, 'B Laughlin',1,526,4,1,'Right_Hand',1,0,0,5,'Right-arm fast-medium',1),
(527, 'Shivam Sharma',11,527,2,1,'Right_Hand',2,0,0,5,'Right-arm offbreak',NULL),
(528, 'A Zampa',NULL,528,2,3,'Right_Hand',2,0,0,5,'Legbreak googly',1),
(529, 'VRV Singh',11,529,2,4,'Right_Hand',2,0,0,5,'Right-arm medium-fast',1),
(530, 'P Awana',11,530,5,NULL,'Right_Hand',1,0,0,5,'Right-arm medium',1),
(531, 'Aman Hakim Khan',8,531,1,1,NULL,5,0,0,5,NULL,NULL),
(532, 'B Stanlake',3,532,1,1,NULL,5,0,0,5,NULL,NULL),
(533, 'R Ninan',2,533,1,NULL,'Right_Hand',4,0,0,4,'Right-arm offbreak',NULL),
(534, 'AJ Turner',1,534,4,2,NULL,1,0,0,4,NULL,NULL),
(535, 'RS Sodhi',11,535,1,NULL,'Right_Hand',4,0,0,4,'Right-arm medium',NULL),
(536, 'A Uniyal',1,536,2,NULL,'Left_Hand',2,0,0,4,'Left-arm medium',NULL),
(537, 'JE Taylor',16,537,2,NULL,'Right_Hand',2,0,0,4,'Right-arm fast',1),
(538, 'A Tomar',8,538,1,NULL,NULL,4,0,0,4,NULL,1),
(539, 'K Kartikeya',10,539,1,NULL,NULL,4,0,0,4,NULL,NULL),
(540, 'A Dananjaya',10,540,1,1,NULL,4,0,0,4,NULL,1),
(541, 'D Kalyankrishna',17,541,1,2,'Right_Hand',4,0,0,4,'Right-arm medium-fast',NULL),
(542, 'A Chandila',1,542,2,2,'Right_Hand',2,0,0,4,'Right-arm offbreak',4),
(543, 'CRD Fernando',10,543,2,NULL,'Right_Hand',2,0,0,4,'Right-arm fast-medium',2),
(544, 'KS Sharma',7,544,1,NULL,NULL,4,0,0,4,NULL,NULL),
(545, 'FH Edwards',17,545,2,2,'Right_Hand',2,0,0,4,'Right-arm fast',NULL),
(546, 'GD McGrath',12,546,2,8,'Right_Hand',2,0,0,4,'Right-arm fast-medium',2),
(547, 'DP Nannes',12,547,2,1,'Right_Hand',2,0,0,4,'Left-arm fast',NULL),
(548, 'PN Mankad',9,548,1,3,NULL,4,0,0,4,NULL,NULL),
(549, 'KP Appanna',2,549,3,1,'Right_Hand',1,0,0,3,'Slow left-arm orthodox',NULL),
(550, 'Younis Khan',1,550,1,3,'Right_Hand',3,0,0,3,'Right-arm medium',NULL),
(551, 'T Natarajan',3,551,2,NULL,NULL,1,0,0,3,NULL,3),
(552, 'Mohammad Asif',12,552,2,1,'Left_Hand',1,0,0,3,'Right-arm fast-medium',1),
(553, 'A Singh',1,553,5,1,'Right_Hand',0,0,0,3,'Right-arm medium-fast',1),
(554, 'MA Wood',5,554,1,1,NULL,3,0,0,3,NULL,NULL),
(555, 'BAW Mendis',16,555,3,NULL,'Right_Hand',1,0,0,3,'Right-arm offbreak',1),
(556, 'Shoaib Akhtar',8,556,1,3,'Right_Hand',3,0,0,3,'Right-arm fast',2),
(557, 'S Tyagi',5,557,1,4,'Right_Hand',3,0,0,3,'Right-arm medium',2),
(558, 'Kamran Khan',1,558,1,2,'Left_Hand',3,0,0,3,'Left-arm medium-fast',NULL),
(559, 'S Randiv',5,559,1,NULL,'Right_Hand',2,0,0,2,'Right-arm offbreak',NULL),
(560, 'T Stubbs',10,560,2,NULL,NULL,1,0,0,2,NULL,1),
(561, 'Mashrafe Mortaza',8,561,1,1,'Right_Hand',2,0,0,2,'Right-arm fast-medium',1),
(562, 'GHS Garton',2,562,2,1,NULL,1,0,0,2,NULL,NULL),
(563, 'RG More',5,563,1,NULL,'Right_Hand',2,0,0,2,'Right-arm medium',NULL),
(564, 'Harshit Rana',8,564,2,NULL,NULL,1,0,0,2,NULL,NULL),
(565, 'Fazalhaq Farooqi',3,565,1,NULL,NULL,2,0,0,2,NULL,1),
(566, 'H Das',17,566,1,NULL,'Right_Hand',2,0,0,2,NULL,NULL),
(567, 'P Parameswaran',2,567,2,NULL,'Right_Hand',1,0,0,2,'Left-arm medium',NULL),
(568, 'T Shamsi',1,568,1,NULL,'Right_Hand',2,0,0,2,'Slow left-arm chinaman',NULL),
(569, 'RS Gavaskar',8,569,1,1,'Left_Hand',2,0,0,2,'Slow left-arm orthodox',NULL),
(570, 'SB Wagh',16,570,2,NULL,'Left_Hand',1,0,0,2,'Left-arm medium-fast',NULL),
(571, 'VS Yeligati',10,571,1,NULL,'Right_Hand',2,0,0,2,'Right-arm offbreak',NULL),
(572, 'HF Gurney',8,572,1,4,NULL,1,0,0,1,NULL,NULL),
(573, 'Shoaib Ahmed',17,573,3,NULL,'Right_Hand',0,0,0,1,'Right-arm fast-medium',2),
(574, 'NJ Rimmington',11,574,1,NULL,'Right_Hand',1,0,0,1,'Right-arm fast-medium',NULL),
(575, 'M de Lange',10,575,1,NULL,'Right_Hand',1,0,0,1,'Right-arm fast',NULL),
(576, 'PM Sarvesh Kumar',17,576,1,NULL,'Right_Hand',1,0,0,1,'Right-arm medium',NULL),
(577, 'DP Vijaykumar',17,577,1,1,'Right_Hand',1,0,0,1,'Right-arm medium',2),
(578, 'S Ladda',12,578,2,2,'Right_Hand',0,0,0,1,'Legbreak',1),
(579, 'LE Plunkett',12,579,2,NULL,NULL,0,0,0,1,NULL,1),
(580, 'SE Bond',8,580,1,NULL,'Right_Hand',1,0,0,1,'Right-arm fast',1),
(581, 'DJ Muthuswami',12,581,1,NULL,'Right_Hand',1,0,0,1,'Right-arm medium',NULL),
(582, 'YA Abdulla',11,582,1,1,'Left_Hand',1,0,0,1,'Left-arm fast-medium',NULL),
(583, 'KK Ahmed',4,583,5,3,NULL,0,0,0,1,NULL,NULL),
(584, 'BE Hendricks',11,584,2,NULL,'Left_Hand',0,0,0,1,'Left-arm fast-medium',NULL),
(585, 'C Nanda',10,585,1,NULL,'Right_Hand',0,0,0,0,'Legbreak',NULL),
(586, 'JL Denly',8,586,1,NULL,NULL,0,0,0,0,NULL,NULL),
(587, 'SS Cottrell',11,587,1,NULL,NULL,0,0,0,0,NULL,NULL),
(588, 'K Yadav',1,588,1,NULL,NULL,0,0,0,0,NULL,1),
(589, 'Abdur Razzak',2,589,1,NULL,'Left_Hand',0,0,0,0,'Slow left-arm orthodox',NULL),
(590, 'S Kaushik',14,590,1,5,'Right_Hand',0,0,0,0,'Slow left-arm chinaman',NULL),
(591, 'AS Roy',8,591,1,6,NULL,0,0,0,0,NULL,NULL),
(592, 'IC Pandey',16,592,1,1,'Right_Hand',0,0,0,0,'Right-arm medium',NULL),
(593, 'RP Meredith',10,593,1,1,NULL,0,0,0,0,NULL,NULL),
(594, 'S Lamichhane',4,594,1,1,NULL,0,0,0,0,NULL,NULL),
(595, 'Akash Deep',2,595,1,NULL,NULL,0,0,0,0,NULL,NULL),
(596, 'ND Doshi',1,596,1,NULL,'Right_Hand',0,0,0,0,'Slow left-arm orthodox',NULL),
(597, 'R Sanjay Yadav',10,597,1,1,NULL,0,0,0,0,NULL,NULL),
(598, 'RR Bhatkal',2,598,1,NULL,'Right_Hand',0,0,0,0,'Right-arm medium',2),
(599, 'L Ablish',11,599,1,2,'Right_Hand',0,0,0,0,'Right-arm medium-fast',NULL),
(600, 'KR Sen',1,600,1,NULL,NULL,0,0,0,0,NULL,NULL),
(601, 'V Pratap Singh',17,601,1,NULL,'Right_Hand',0,0,0,0,'Right-arm medium',NULL),
(602, 'Sunny Gupta',12,602,1,2,'Right_Hand',0,0,0,0,'Right-arm offbreak',NULL),
(603, 'U Kaul',11,603,1,NULL,'Left_Hand',0,0,0,0,NULL,NULL),
(604, 'Y Prithvi Raj',8,604,1,1,NULL,0,0,0,0,NULL,1),
(605, 'Yash Dayal',6,605,1,NULL,NULL,0,0,0,0,NULL,NULL),
(606, 'TP Sudhindra',5,606,1,NULL,'Left_Hand',0,0,0,0,'Right-arm fast',1),
(607, 'A Nel',12,607,1,NULL,'Right_Hand',0,0,0,0,'Right-arm fast-medium',1)

GO

INSERT INTO [Match] (MatchID,TournamentID,VenueID,MatchDate,WinningTeamID,LosingTeamID)
VALUES 
(1, 1,22,'2008-04-18',8,2),
(2, 1,36,'2008-04-19',5,11),
(3, 1,16,'2008-04-19',12,1),
(4, 1,50,'2008-04-20',2,10),
(5, 1,14,'2008-04-20',8,17),
(6, 1,41,'2008-04-21',1,11),
(7, 1,38,'2008-04-22',12,17),
(8, 1,25,'2008-04-23',5,10),
(9, 1,38,'2008-04-24',1,17),
(10, 1,36,'2008-04-25',11,10),
(11, 1,22,'2008-04-26',1,2),
(12, 1,25,'2008-04-26',5,8),
(13, 1,8,'2008-04-27',17,10),
(14, 1,36,'2008-04-27',11,12),
(15, 1,22,'2008-04-28',5,2),
(16, 1,14,'2008-04-29',10,8),
(17, 1,16,'2008-04-30',12,2),
(18, 1,38,'2008-05-01',11,17),
(19, 1,41,'2008-05-01',1,8),
(20, 1,25,'2008-05-02',12,5),
(21, 1,38,'2008-05-25',2,17),
(22, 1,36,'2008-05-03',11,8),
(23, 1,8,'2008-05-04',10,12),
(24, 1,41,'2008-05-04',1,5),
(25, 1,22,'2008-05-05',11,2),
(26, 1,25,'2008-05-06',17,5),
(27, 1,8,'2008-05-07',10,1),
(28, 1,16,'2008-05-08',5,12),
(29, 1,14,'2008-05-08',8,2),
(30, 1,41,'2008-05-09',1,17),
(31, 1,22,'2008-05-28',10,2),
(32, 1,25,'2008-05-10',5,11),
(33, 1,38,'2008-05-11',8,17),
(34, 1,41,'2008-05-11',1,12),
(35, 1,36,'2008-05-12',11,2),
(36, 1,14,'2008-05-13',8,12),
(37, 1,50,'2008-05-14',10,5),
(38, 1,36,'2008-05-28',11,1),
(39, 1,16,'2008-05-15',12,17),
(40, 1,50,'2008-05-16',10,8),
(41, 1,16,'2008-05-17',11,12),
(42, 1,41,'2008-05-17',1,2),
(43, 1,38,'2008-05-18',10,17),
(44, 1,14,'2008-05-18',5,8),
(45, 1,22,'2008-05-19',12,2),
(46, 1,14,'2008-05-20',1,8),
(47, 1,50,'2008-05-21',11,10),
(48, 1,25,'2008-05-21',2,5),
(49, 1,36,'2008-05-23',11,17),
(50, 1,16,'2008-05-24',12,10),
(51, 1,25,'2008-05-24',1,5),
(52, 1,22,'2008-05-03',2,17),
(53, 1,14,'2008-05-25',8,11),
(54, 1,41,'2008-05-26',1,10),
(55, 1,38,'2008-05-27',5,17),
(56, 1,50,'2008-05-30',1,12),
(57, 1,50,'2008-05-31',5,11),
(58, 1,8,'2008-06-01',1,5),
(59, 2,32,'2009-04-18',10,5),
(60, 2,32,'2009-04-18',2,1),
(61, 2,32,'2009-04-19',12,11),
(62, 2,32,'2009-04-19',17,8),
(63, 2,46,'2009-04-20',5,2),
(64, 2,21,'2009-04-21',8,11),
(65, 2,32,'2009-04-22',17,2),
(66, 2,21,'2009-04-23',12,5),
(67, 2,32,'2009-04-23',1,8),
(68, 2,21,'2009-04-24',11,2),
(69, 2,21,'2009-04-25',17,10),
(70, 2,46,'2009-04-26',12,2),
(71, 2,32,'2009-04-26',11,1),
(72, 2,21,'2009-04-27',17,5),
(73, 2,46,'2009-04-27',10,8),
(74, 2,48,'2009-04-28',1,12),
(75, 2,21,'2009-04-29',2,8),
(76, 2,21,'2009-04-29',11,10),
(77, 2,48,'2009-04-30',12,17),
(78, 2,48,'2009-04-30',5,1),
(79, 2,6,'2009-05-01',10,8),
(80, 2,21,'2009-05-01',2,11),
(81, 2,46,'2009-05-02',1,17),
(82, 2,31,'2009-05-02',5,12),
(83, 2,46,'2009-05-03',11,8),
(84, 2,31,'2009-05-03',2,10),
(85, 2,6,'2009-05-04',5,17),
(86, 2,21,'2009-05-05',1,11),
(87, 2,21,'2009-05-05',12,8),
(88, 2,48,'2009-05-06',17,10),
(89, 2,48,'2009-05-07',1,2),
(90, 2,48,'2009-05-07',5,11),
(91, 2,6,'2009-05-08',12,10),
(92, 2,7,'2009-05-09',11,17),
(93, 2,7,'2009-05-09',5,1),
(94, 2,46,'2009-05-10',10,2),
(95, 2,31,'2009-05-10',12,8),
(96, 2,7,'2009-05-11',17,1),
(97, 2,48,'2009-05-12',2,8),
(98, 2,48,'2009-05-12',10,11),
(99, 2,21,'2009-05-13',12,17),
(100, 2,21,'2009-05-14',2,5),
(101, 2,21,'2009-05-14',1,10),
(102, 2,33,'2009-05-15',11,12),
(103, 2,46,'2009-05-16',5,10),
(104, 2,31,'2009-05-16',17,8),
(105, 2,31,'2009-05-17',11,17),
(106, 2,33,'2009-05-17',12,1),
(107, 2,48,'2009-05-18',8,5),
(108, 2,31,'2009-05-19',2,12),
(109, 2,21,'2009-05-20',8,1),
(110, 2,21,'2009-05-20',5,11),
(111, 2,48,'2009-05-21',12,10),
(112, 2,48,'2009-05-21',2,17),
(113, 2,48,'2009-05-22',17,12),
(114, 2,31,'2009-05-23',2,5),
(115, 2,31,'2009-05-24',17,2),
(116, 3,8,'2010-03-12',8,17),
(117, 3,4,'2010-03-13',10,1),
(118, 3,36,'2010-03-13',12,11),
(119, 3,14,'2010-03-14',8,2),
(120, 3,25,'2010-03-14',17,5),
(121, 3,39,'2010-03-15',12,1),
(122, 3,22,'2010-03-16',2,11),
(123, 3,14,'2010-03-16',5,8),
(124, 3,16,'2010-03-17',10,12),
(125, 3,22,'2010-03-18',2,1),
(126, 3,16,'2010-03-19',5,12),
(127, 3,3,'2010-03-19',17,11),
(128, 3,39,'2010-03-20',1,8),
(129, 3,4,'2010-03-20',2,10),
(130, 3,3,'2010-03-21',17,12),
(131, 3,25,'2010-03-21',11,5),
(132, 3,4,'2010-03-22',10,8),
(133, 3,22,'2010-03-23',2,5),
(134, 3,36,'2010-03-24',1,11),
(135, 3,5,'2010-03-25',10,5),
(136, 3,39,'2010-03-26',1,17),
(137, 3,36,'2010-03-27',8,11),
(138, 3,22,'2010-03-25',12,2),
(139, 3,39,'2010-03-28',1,5),
(140, 3,8,'2010-03-28',10,17),
(141, 3,16,'2010-03-29',12,8),
(142, 3,4,'2010-03-30',10,11),
(143, 3,25,'2010-03-31',5,2),
(144, 3,16,'2010-03-31',12,1),
(145, 3,14,'2010-04-01',8,17),
(146, 3,36,'2010-04-02',2,11),
(147, 3,25,'2010-04-03',5,1),
(148, 3,4,'2010-04-03',10,17),
(149, 3,14,'2010-04-04',11,8),
(150, 3,16,'2010-04-04',12,2),
(151, 3,49,'2010-04-05',1,17),
(152, 3,25,'2010-04-06',5,10),
(153, 3,41,'2010-04-07',1,11),
(154, 3,14,'2010-04-07',8,12),
(155, 3,22,'2010-04-08',17,2),
(156, 3,36,'2010-04-09',11,10),
(157, 3,49,'2010-04-10',17,5),
(158, 3,22,'2010-04-10',2,8),
(159, 3,16,'2010-04-11',11,12),
(160, 3,41,'2010-04-11',10,1),
(161, 3,49,'2010-04-12',17,2),
(162, 3,4,'2010-04-13',10,12),
(163, 3,25,'2010-04-13',5,8),
(164, 3,41,'2010-04-14',2,1),
(165, 3,25,'2010-04-15',12,5),
(166, 3,18,'2010-04-16',17,11),
(167, 3,22,'2010-04-17',10,2),
(168, 3,14,'2010-04-17',8,1),
(169, 3,18,'2010-04-18',5,11),
(170, 3,16,'2010-04-18',17,12),
(171, 3,14,'2010-04-19',8,10),
(172, 3,8,'2010-04-21',10,2),
(173, 3,8,'2010-04-22',5,17),
(174, 3,8,'2010-04-24',2,17),
(175, 3,8,'2010-04-25',5,10),
(176, 4,25,'2011-04-08',5,8),
(177, 4,38,'2011-04-09',1,17),
(178, 4,30,'2011-04-09',2,18),
(179, 4,16,'2011-04-10',10,12),
(180, 4,8,'2011-04-10',16,11),
(181, 4,14,'2011-04-11',8,17),
(182, 4,41,'2011-04-12',1,12),
(183, 4,22,'2011-04-12',10,2),
(184, 4,36,'2011-04-13',11,5),
(185, 4,8,'2011-04-13',16,18),
(186, 4,38,'2011-04-14',17,2),
(187, 4,41,'2011-04-15',8,1),
(188, 4,50,'2011-04-15',18,10),
(189, 4,25,'2011-04-16',5,2),
(190, 4,38,'2011-04-16',11,17),
(191, 4,8,'2011-04-17',12,16),
(192, 4,14,'2011-04-17',8,1),
(193, 4,30,'2011-04-18',18,5),
(194, 4,16,'2011-04-19',17,12),
(195, 4,50,'2011-04-20',10,16),
(196, 4,14,'2011-04-20',18,8),
(197, 4,36,'2011-04-21',11,1),
(198, 4,50,'2011-04-22',10,5),
(199, 4,14,'2011-04-22',2,8),
(200, 4,16,'2011-04-23',12,11),
(201, 4,38,'2011-04-24',10,17),
(202, 4,41,'2011-04-24',1,18),
(203, 4,25,'2011-04-25',5,16),
(204, 4,16,'2011-04-26',2,12),
(205, 4,8,'2011-04-27',5,16),
(206, 4,30,'2011-04-27',17,18),
(207, 4,16,'2011-04-28',8,12),
(208, 4,41,'2011-04-29',1,10),
(209, 4,22,'2011-04-29',2,16),
(210, 4,30,'2011-04-30',12,18),
(211, 4,14,'2011-04-30',8,11),
(212, 4,41,'2011-05-01',1,16),
(213, 4,25,'2011-05-01',5,17),
(214, 4,50,'2011-05-02',10,11),
(215, 4,16,'2011-05-02',18,12),
(216, 4,38,'2011-05-03',8,17),
(217, 4,25,'2011-05-04',5,1),
(218, 4,8,'2011-05-04',10,16),
(219, 4,30,'2011-05-05',18,8),
(220, 4,38,'2011-05-05',12,17),
(221, 4,22,'2011-05-06',2,11),
(222, 4,14,'2011-05-07',8,5),
(223, 4,50,'2011-05-07',10,12),
(224, 4,22,'2011-05-08',2,18),
(225, 4,36,'2011-05-08',16,11),
(226, 4,41,'2011-05-09',5,1),
(227, 4,38,'2011-05-10',16,17),
(228, 4,36,'2011-05-10',11,10),
(229, 4,41,'2011-05-11',2,1),
(230, 4,25,'2011-05-12',5,12),
(231, 4,19,'2011-05-13',11,18),
(232, 4,22,'2011-05-14',2,8),
(233, 4,50,'2011-05-14',17,10),
(234, 4,18,'2011-05-15',11,12),
(235, 4,19,'2011-05-15',18,1),
(236, 4,8,'2011-05-16',17,16),
(237, 4,18,'2011-05-17',11,2),
(238, 4,25,'2011-05-18',5,18),
(239, 4,8,'2011-05-19',8,16),
(240, 4,50,'2011-05-20',1,10),
(241, 4,18,'2011-05-21',17,11),
(242, 4,16,'2011-05-21',NULL,12),
(243, 4,22,'2011-05-22',2,5),
(244, 4,14,'2011-05-22',10,8),
(245, 4,50,'2011-05-24',5,2),
(246, 4,50,'2011-05-25',10,8),
(247, 4,25,'2011-05-27',2,10),
(248, 4,25,'2011-05-28',5,2),
(249, 5,25,'2012-04-04',10,5),
(250, 5,14,'2012-04-05',12,8),
(251, 5,50,'2012-04-06',16,10),
(252, 5,41,'2012-04-06',1,11),
(253, 5,22,'2012-04-07',2,12),
(254, 5,11,'2012-04-07',5,17),
(255, 5,41,'2012-04-08',1,8),
(256, 5,47,'2012-04-08',16,11),
(257, 5,11,'2012-04-09',10,17),
(258, 5,22,'2012-04-10',8,2),
(259, 5,16,'2012-04-10',12,5),
(260, 5,50,'2012-04-11',10,1),
(261, 5,25,'2012-04-12',5,2),
(262, 5,36,'2012-04-12',11,16),
(263, 5,14,'2012-04-13',8,1),
(264, 5,16,'2012-04-19',12,17),
(265, 5,47,'2012-04-14',16,5),
(266, 5,14,'2012-04-15',11,8),
(267, 5,22,'2012-04-15',1,2),
(268, 5,50,'2012-04-16',12,10),
(269, 5,41,'2012-04-17',1,17),
(270, 5,22,'2012-04-17',2,16),
(271, 5,36,'2012-04-18',8,11),
(272, 5,38,'2012-05-10',12,17),
(273, 5,25,'2012-04-19',5,16),
(274, 5,36,'2012-04-20',2,11),
(275, 5,25,'2012-04-21',5,1),
(276, 5,16,'2012-04-21',16,12),
(277, 5,50,'2012-04-22',11,10),
(278, 5,3,'2012-04-22',8,17),
(279, 5,41,'2012-04-23',2,1),
(280, 5,47,'2012-04-24',12,16),
(281, 5,36,'2012-04-25',10,11),
(282, 5,47,'2012-04-26',17,16),
(283, 5,16,'2012-04-27',12,10),
(284, 5,25,'2012-04-28',11,5),
(285, 5,14,'2012-04-28',8,2),
(286, 5,16,'2012-04-29',12,1),
(287, 5,50,'2012-04-29',10,17),
(288, 5,25,'2012-04-30',8,5),
(289, 5,3,'2012-05-01',17,16),
(290, 5,41,'2012-05-01',12,1),
(291, 5,22,'2012-05-02',11,2),
(292, 5,47,'2012-05-03',10,16),
(293, 5,25,'2012-05-04',5,17),
(294, 5,14,'2012-05-05',8,16),
(295, 5,36,'2012-05-05',1,11),
(296, 5,50,'2012-05-06',10,5),
(297, 5,22,'2012-05-06',2,17),
(298, 5,16,'2012-05-07',8,12),
(299, 5,47,'2012-05-08',1,16),
(300, 5,38,'2012-05-08',11,17),
(301, 5,50,'2012-05-09',2,10),
(302, 5,41,'2012-05-10',5,1),
(303, 5,47,'2012-05-11',2,16),
(304, 5,14,'2012-05-12',10,8),
(305, 5,25,'2012-05-12',5,12),
(306, 5,41,'2012-05-13',1,16),
(307, 5,36,'2012-05-13',11,17),
(308, 5,22,'2012-05-14',10,2),
(309, 5,14,'2012-05-14',5,8),
(310, 5,16,'2012-05-15',12,11),
(311, 5,50,'2012-05-16',8,10),
(312, 5,18,'2012-05-17',11,5),
(313, 5,16,'2012-05-17',2,12),
(314, 5,38,'2012-05-18',17,1),
(315, 5,18,'2012-05-19',12,11),
(316, 5,47,'2012-05-19',8,16),
(317, 5,38,'2012-05-20',17,2),
(318, 5,41,'2012-05-20',10,1),
(319, 5,47,'2012-05-22',8,12),
(320, 5,22,'2012-05-23',5,10),
(321, 5,25,'2012-05-25',5,12),
(322, 5,25,'2012-05-27',8,5),
(323, 6,14,'2013-04-03',8,12),
(324, 6,22,'2013-04-04',2,10),
(325, 6,38,'2013-04-05',3,16),
(326, 6,16,'2013-04-06',1,12),
(327, 6,25,'2013-04-06',10,5),
(328, 6,47,'2013-04-07',11,16),
(329, 6,38,'2013-04-07',3,2),
(330, 6,41,'2013-04-08',1,8),
(331, 6,50,'2013-04-09',10,12),
(332, 6,36,'2013-04-10',5,11),
(333, 6,22,'2013-04-11',2,8),
(334, 6,47,'2013-04-11',16,1),
(335, 6,16,'2013-04-12',3,12),
(336, 6,50,'2013-04-13',10,16),
(337, 6,25,'2013-04-13',5,2),
(338, 6,14,'2013-04-14',8,3),
(339, 6,41,'2013-04-14',1,11),
(340, 6,25,'2013-04-15',16,5),
(341, 6,36,'2013-04-16',11,8),
(342, 6,22,'2013-04-16',2,12),
(343, 6,27,'2013-04-17',3,16),
(344, 6,41,'2013-04-17',1,10),
(345, 6,16,'2013-04-18',5,12),
(346, 6,38,'2013-04-19',3,11),
(347, 6,14,'2013-04-20',5,8),
(348, 6,22,'2013-04-20',2,1),
(349, 6,16,'2013-04-21',12,10),
(350, 6,36,'2013-04-21',11,16),
(351, 6,25,'2013-04-22',5,1),
(352, 6,22,'2013-04-23',2,16),
(353, 6,18,'2013-05-16',11,12),
(354, 6,14,'2013-04-24',10,8),
(355, 6,25,'2013-04-25',5,3),
(356, 6,14,'2013-04-26',8,11),
(357, 6,41,'2013-04-27',1,3),
(358, 6,50,'2013-04-27',10,2),
(359, 6,25,'2013-04-28',5,8),
(360, 6,42,'2013-04-28',12,16),
(361, 6,41,'2013-04-29',1,2),
(362, 6,50,'2013-04-29',10,11),
(363, 6,47,'2013-04-30',5,16),
(364, 6,38,'2013-05-01',3,10),
(365, 6,42,'2013-05-01',12,8),
(366, 6,25,'2013-05-02',5,11),
(367, 6,47,'2013-05-02',2,16),
(368, 6,14,'2013-05-03',8,1),
(369, 6,38,'2013-05-04',3,12),
(370, 6,22,'2013-05-14',11,2),
(371, 6,50,'2013-05-05',10,5),
(372, 6,41,'2013-05-05',1,16),
(373, 6,22,'2013-04-09',2,3),
(374, 6,41,'2013-05-07',1,12),
(375, 6,50,'2013-05-07',10,8),
(376, 6,38,'2013-05-08',5,3),
(377, 6,36,'2013-05-09',1,11),
(378, 6,47,'2013-05-09',8,16),
(379, 6,16,'2013-05-10',2,12),
(380, 6,47,'2013-05-11',10,16),
(381, 6,36,'2013-05-11',3,11),
(382, 6,20,'2013-05-12',8,2),
(383, 6,41,'2013-05-12',1,5),
(384, 6,16,'2013-04-23',11,12),
(385, 6,50,'2013-05-13',10,3),
(386, 6,20,'2013-05-15',16,8),
(387, 6,25,'2013-05-14',5,12),
(388, 6,50,'2013-05-15',10,1),
(389, 6,36,'2013-05-06',11,2),
(390, 6,38,'2013-05-17',3,1),
(391, 6,18,'2013-05-18',11,10),
(392, 6,47,'2013-05-19',16,12),
(393, 6,22,'2013-05-18',2,5),
(394, 6,38,'2013-05-19',3,8),
(395, 6,16,'2013-05-21',5,10),
(396, 6,16,'2013-05-22',1,3),
(397, 6,14,'2013-05-24',10,1),
(398, 6,14,'2013-05-26',10,5),
(399, 7,45,'2014-04-16',8,10),
(400, 7,43,'2014-04-17',2,12),
(401, 7,45,'2014-04-18',11,5),
(402, 7,45,'2014-04-18',1,3),
(403, 7,12,'2014-04-19',2,10),
(404, 7,12,'2014-04-19',12,8),
(405, 7,43,'2014-04-20',11,1),
(406, 7,45,'2014-04-21',5,12),
(407, 7,43,'2014-04-22',11,3),
(408, 7,12,'2014-04-23',5,1),
(409, 7,43,'2014-04-24',8,2),
(410, 7,12,'2014-04-25',3,12),
(411, 7,12,'2014-04-25',5,10),
(412, 7,45,'2014-04-26',1,2),
(413, 7,45,'2014-04-26',11,8),
(414, 7,43,'2014-04-27',12,10),
(415, 7,43,'2014-04-27',5,3),
(416, 7,12,'2014-04-28',11,2),
(417, 7,45,'2014-04-29',1,8),
(418, 7,12,'2014-04-30',3,10),
(419, 7,20,'2014-05-02',5,8),
(420, 7,50,'2014-05-03',10,11),
(421, 7,16,'2014-05-03',1,12),
(422, 7,22,'2014-05-04',2,3),
(423, 7,39,'2014-05-05',1,8),
(424, 7,16,'2014-05-05',5,12),
(425, 7,50,'2014-05-06',10,2),
(426, 7,16,'2014-05-07',8,12),
(427, 7,3,'2014-05-07',11,5),
(428, 7,39,'2014-05-08',3,1),
(429, 7,22,'2014-05-09',11,2),
(430, 7,16,'2014-05-10',3,12),
(431, 7,50,'2014-05-10',5,10),
(432, 7,3,'2014-05-11',8,11),
(433, 7,22,'2014-05-11',1,2),
(434, 7,38,'2014-05-12',10,3),
(435, 7,20,'2014-05-13',5,1),
(436, 7,22,'2014-05-13',2,12),
(437, 7,38,'2014-05-14',11,3),
(438, 7,3,'2014-05-14',8,10),
(439, 7,39,'2014-05-15',1,12),
(440, 7,20,'2014-05-18',2,5),
(441, 7,38,'2014-05-18',8,3),
(442, 7,39,'2014-05-19',10,1),
(443, 7,16,'2014-05-19',11,12),
(444, 7,38,'2014-05-20',3,2),
(445, 7,14,'2014-05-20',8,5),
(446, 7,36,'2014-05-21',10,11),
(447, 7,14,'2014-05-22',8,2),
(448, 7,20,'2014-05-22',3,5),
(449, 7,50,'2014-05-23',10,12),
(450, 7,36,'2014-05-23',11,1),
(451, 7,22,'2014-05-24',5,2),
(452, 7,14,'2014-05-24',8,3),
(453, 7,36,'2014-05-25',11,12),
(454, 7,50,'2014-05-25',10,1),
(455, 7,14,'2014-05-27',8,11),
(456, 7,4,'2014-05-28',5,10),
(457, 7,50,'2014-05-30',11,5),
(458, 7,22,'2014-06-01',8,11),
(459, 8,14,'2015-04-08',8,10),
(460, 8,25,'2015-04-09',5,12),
(461, 8,27,'2015-04-10',1,11),
(462, 8,25,'2015-04-11',5,3),
(463, 8,14,'2015-04-11',2,8),
(464, 8,16,'2015-04-12',1,12),
(465, 8,50,'2015-04-12',11,10),
(466, 8,22,'2015-04-13',3,2),
(467, 8,39,'2015-04-14',1,10),
(468, 8,14,'2015-04-30',8,5),
(469, 8,27,'2015-04-15',12,11),
(470, 8,11,'2015-04-16',1,3),
(471, 8,50,'2015-04-17',5,10),
(472, 8,11,'2015-04-18',12,3),
(473, 8,27,'2015-04-18',8,11),
(474, 8,39,'2015-04-19',1,5),
(475, 8,22,'2015-04-19',10,2),
(476, 8,16,'2015-04-20',8,12),
(477, 8,39,'2015-04-21',11,1),
(478, 8,11,'2015-04-22',3,8),
(479, 8,22,'2015-04-22',5,2),
(480, 8,16,'2015-04-23',12,10),
(481, 8,39,'2015-04-24',2,1),
(482, 8,50,'2015-04-25',10,3),
(483, 8,25,'2015-04-25',5,11),
(484, 8,16,'2015-04-26',2,12),
(485, 8,36,'2015-04-27',3,11),
(486, 8,14,'2015-05-07',8,12),
(487, 8,22,'2015-04-29',NULL,2),
(488, 8,25,'2015-04-28',5,8),
(489, 8,16,'2015-05-01',12,11),
(490, 8,50,'2015-05-01',10,1),
(491, 8,22,'2015-05-02',2,8),
(492, 8,38,'2015-05-02',3,5),
(493, 8,36,'2015-05-03',10,11),
(494, 8,4,'2015-05-03',1,12),
(495, 8,25,'2015-05-04',5,2),
(496, 8,14,'2015-05-04',8,3),
(497, 8,50,'2015-05-05',10,12),
(498, 8,22,'2015-05-06',2,11),
(499, 8,4,'2015-05-07',3,1),
(500, 8,25,'2015-05-08',10,5),
(501, 8,14,'2015-05-09',8,11),
(502, 8,42,'2015-05-09',3,12),
(503, 8,50,'2015-05-10',2,10),
(504, 8,25,'2015-05-10',5,1),
(505, 8,38,'2015-05-11',3,11),
(506, 8,42,'2015-05-12',12,5),
(507, 8,36,'2015-05-13',11,2),
(508, 8,50,'2015-05-14',10,8),
(509, 8,38,'2015-05-15',2,3),
(510, 8,36,'2015-05-16',5,11),
(511, 8,4,'2015-05-16',1,8),
(512, 8,22,'2015-05-17',NULL,2),
(513, 8,38,'2015-05-17',10,3),
(514, 8,50,'2015-05-19',10,5),
(515, 8,27,'2015-05-20',2,1),
(516, 8,20,'2015-05-22',5,2),
(517, 8,14,'2015-05-24',10,5),
(518, 9,50,'2016-04-09',13,10),
(519, 9,14,'2016-04-10',8,12),
(520, 9,35,'2016-04-11',14,11),
(521, 9,22,'2016-04-12',2,3),
(522, 9,14,'2016-04-13',10,8),
(523, 9,40,'2016-04-14',14,13),
(524, 9,16,'2016-04-15',12,11),
(525, 9,38,'2016-04-16',8,3),
(526, 9,50,'2016-04-16',14,10),
(527, 9,35,'2016-04-17',11,13),
(528, 9,22,'2016-04-17',12,2),
(529, 9,38,'2016-04-18',3,10),
(530, 9,35,'2016-04-19',8,11),
(531, 9,50,'2016-04-20',10,2),
(532, 9,40,'2016-04-21',3,14),
(533, 9,27,'2016-04-22',2,13),
(534, 9,16,'2016-04-23',12,10),
(535, 9,38,'2016-04-23',3,11),
(536, 9,40,'2016-04-24',14,2),
(537, 9,27,'2016-04-24',8,13),
(538, 9,35,'2016-04-25',10,11),
(539, 9,38,'2016-04-26',13,3),
(540, 9,16,'2016-04-27',14,12),
(541, 9,50,'2016-04-28',10,8),
(542, 9,27,'2016-04-29',14,13),
(543, 9,16,'2016-04-30',12,8),
(544, 9,38,'2016-04-30',3,2),
(545, 9,40,'2016-05-01',11,14),
(546, 9,27,'2016-05-01',10,13),
(547, 9,22,'2016-05-02',8,2),
(548, 9,40,'2016-05-03',12,14),
(549, 9,14,'2016-05-04',8,11),
(550, 9,16,'2016-05-05',13,12),
(551, 9,38,'2016-05-06',3,14),
(552, 9,22,'2016-05-07',2,13),
(553, 9,35,'2016-05-07',11,12),
(554, 9,11,'2016-05-08',3,10),
(555, 9,14,'2016-05-08',14,8),
(556, 9,35,'2016-05-09',2,11),
(557, 9,11,'2016-05-10',3,13),
(558, 9,22,'2016-05-11',10,2),
(559, 9,38,'2016-05-12',12,3),
(560, 9,11,'2016-05-13',11,10),
(561, 9,22,'2016-05-14',2,14),
(562, 9,14,'2016-05-14',8,13),
(563, 9,35,'2016-05-15',3,11),
(564, 9,11,'2016-05-15',10,12),
(565, 9,14,'2016-05-16',2,8),
(566, 9,11,'2016-05-17',13,12),
(567, 9,22,'2016-05-18',2,11),
(568, 9,17,'2016-05-19',14,8),
(569, 9,42,'2016-05-20',12,3),
(570, 9,11,'2016-05-21',13,11),
(571, 9,17,'2016-05-21',14,10),
(572, 9,14,'2016-05-22',8,3),
(573, 9,42,'2016-05-22',2,12),
(574, 9,22,'2016-05-24',2,14),
(575, 9,16,'2016-05-25',3,8),
(576, 9,16,'2016-05-27',3,14),
(577, 9,22,'2016-05-29',3,2),
(578, 10,38,'2017-04-05',3,2),
(579, 10,27,'2017-04-06',NULL,10),
(580, 10,40,'2017-04-07',8,14),
(581, 10,19,'2017-04-08',11,NULL),
(582, 10,23,'2017-04-08',2,12),
(583, 10,38,'2017-04-09',3,14),
(584, 10,50,'2017-04-09',10,8),
(585, 10,19,'2017-04-10',11,2),
(586, 10,27,'2017-04-11',12,NULL),
(587, 10,50,'2017-04-12',10,3),
(588, 10,14,'2017-04-13',8,11),
(589, 10,22,'2017-04-14',10,2),
(590, 10,40,'2017-04-14',14,NULL),
(591, 10,14,'2017-04-15',8,3),
(592, 10,16,'2017-04-15',12,11),
(593, 10,50,'2017-04-16',10,14),
(594, 10,22,'2017-04-16',NULL,2),
(595, 10,16,'2017-04-17',8,12),
(596, 10,38,'2017-04-17',3,11),
(597, 10,40,'2017-04-18',2,14),
(598, 10,38,'2017-04-19',3,12),
(599, 10,19,'2017-04-20',10,11),
(600, 10,14,'2017-04-21',14,8),
(601, 10,50,'2017-04-22',10,12),
(602, 10,27,'2017-04-22',NULL,3),
(603, 10,40,'2017-04-23',11,14),
(604, 10,14,'2017-04-23',8,2),
(605, 10,50,'2017-04-24',NULL,10),
(606, 10,27,'2017-04-26',8,NULL),
(607, 10,22,'2017-04-27',14,2),
(608, 10,14,'2017-04-28',8,12),
(609, 10,35,'2017-04-28',3,11),
(610, 10,27,'2017-04-29',NULL,2),
(611, 10,40,'2017-04-29',10,14),
(612, 10,35,'2017-04-30',11,12),
(613, 10,38,'2017-04-30',3,8),
(614, 10,50,'2017-05-01',10,2),
(615, 10,27,'2017-05-01',NULL,14),
(616, 10,16,'2017-05-02',12,3),
(617, 10,14,'2017-05-03',NULL,8),
(618, 10,16,'2017-05-04',12,14),
(619, 10,22,'2017-05-05',11,2),
(620, 10,38,'2017-05-06',NULL,3),
(621, 10,16,'2017-05-06',10,12),
(622, 10,22,'2017-05-07',8,2),
(623, 10,35,'2017-05-07',14,11),
(624, 10,38,'2017-05-08',3,10),
(625, 10,35,'2017-05-09',11,8),
(626, 10,17,'2017-05-10',12,14),
(627, 10,50,'2017-05-11',11,10),
(628, 10,16,'2017-05-12',12,NULL),
(629, 10,17,'2017-05-13',3,14),
(630, 10,14,'2017-05-13',10,8),
(631, 10,27,'2017-05-14',NULL,11),
(632, 10,16,'2017-05-14',2,12),
(633, 10,50,'2017-05-16',NULL,10),
(634, 10,22,'2017-05-17',8,3),
(635, 10,22,'2017-05-19',10,8),
(636, 10,38,'2017-05-21',10,NULL),
(637, 11,50,'2018-04-07',5,10),
(638, 11,34,'2018-04-08',11,12),
(639, 11,14,'2018-04-08',8,2),
(640, 11,37,'2018-04-09',3,1),
(641, 11,24,'2018-04-10',5,8),
(642, 11,41,'2018-04-11',1,12),
(643, 11,37,'2018-04-12',3,10),
(644, 11,23,'2018-04-13',2,11),
(645, 11,50,'2018-04-14',12,10),
(646, 11,14,'2018-04-14',3,8),
(647, 11,23,'2018-04-15',1,2),
(648, 11,34,'2018-04-15',11,5),
(649, 11,14,'2018-04-16',8,12),
(650, 11,50,'2018-04-17',10,2),
(651, 11,41,'2018-04-18',8,1),
(652, 11,34,'2018-04-19',11,3),
(653, 11,27,'2018-04-20',5,1),
(654, 11,14,'2018-04-21',11,8),
(655, 11,23,'2018-04-21',2,12),
(656, 11,37,'2018-04-22',5,3),
(657, 11,41,'2018-04-22',1,10),
(658, 11,1,'2018-04-23',11,12),
(659, 11,50,'2018-04-24',3,10),
(660, 11,23,'2018-04-25',5,2),
(661, 11,37,'2018-04-26',3,11),
(662, 11,1,'2018-04-27',12,8),
(663, 11,27,'2018-04-28',10,5),
(664, 11,41,'2018-04-29',3,1),
(665, 11,23,'2018-04-29',8,2),
(666, 11,27,'2018-04-30',5,12),
(667, 11,23,'2018-05-01',2,10),
(668, 11,1,'2018-05-02',12,1),
(669, 11,14,'2018-05-03',8,5),
(670, 11,19,'2018-05-04',10,11),
(671, 11,27,'2018-05-05',5,2),
(672, 11,37,'2018-05-05',3,12),
(673, 11,50,'2018-05-06',10,8),
(674, 11,19,'2018-05-06',11,1),
(675, 11,37,'2018-05-07',3,2),
(676, 11,41,'2018-05-08',1,11),
(677, 11,14,'2018-05-09',10,8),
(678, 11,1,'2018-05-10',3,12),
(679, 11,41,'2018-05-11',1,5),
(680, 11,19,'2018-05-12',8,11),
(681, 11,1,'2018-05-12',2,12),
(682, 11,27,'2018-05-13',5,3),
(683, 11,50,'2018-05-13',1,10),
(684, 11,19,'2018-05-14',2,11),
(685, 11,14,'2018-05-15',8,1),
(686, 11,50,'2018-05-16',10,11),
(687, 11,23,'2018-05-17',2,3),
(688, 11,1,'2018-05-18',12,5),
(689, 11,41,'2018-05-19',1,2),
(690, 11,37,'2018-05-19',8,3),
(691, 11,1,'2018-05-20',12,10),
(692, 11,27,'2018-05-20',5,11),
(693, 11,50,'2018-05-22',5,3),
(694, 11,14,'2018-05-23',8,1),
(695, 11,14,'2018-05-25',3,8),
(696, 11,50,'2018-05-27',5,3),
(697, 12,24,'2019-03-23',5,2),
(698, 12,14,'2019-03-24',8,3),
(699, 12,50,'2019-03-24',4,10),
(700, 12,41,'2019-03-25',11,1),
(701, 12,1,'2019-03-26',5,4),
(702, 12,14,'2019-03-27',8,11),
(703, 12,23,'2019-03-28',10,2),
(704, 12,37,'2019-03-29',3,1),
(705, 12,34,'2019-03-30',11,10),
(706, 12,1,'2019-03-30',4,8),
(707, 12,37,'2019-03-31',3,2),
(708, 12,24,'2019-03-31',5,1),
(709, 12,34,'2019-04-01',11,4),
(710, 12,41,'2019-04-02',1,2),
(711, 12,50,'2019-04-03',10,5),
(712, 12,1,'2019-04-04',3,4),
(713, 12,23,'2019-04-05',8,2),
(714, 12,24,'2019-04-06',5,11),
(715, 12,37,'2019-04-06',10,3),
(716, 12,23,'2019-04-07',4,2),
(717, 12,41,'2019-04-07',8,1),
(718, 12,34,'2019-04-08',11,3),
(719, 12,24,'2019-04-09',5,8),
(720, 12,50,'2019-04-10',10,11),
(721, 12,41,'2019-04-11',5,1),
(722, 12,14,'2019-04-12',4,8),
(723, 12,50,'2019-04-13',1,10),
(724, 12,34,'2019-04-13',2,11),
(725, 12,14,'2019-04-14',5,8),
(726, 12,37,'2019-04-14',4,3),
(727, 12,50,'2019-04-15',10,2),
(728, 12,34,'2019-04-16',11,1),
(729, 12,37,'2019-04-17',3,5),
(730, 12,1,'2019-04-18',10,4),
(731, 12,14,'2019-04-19',2,8),
(732, 12,41,'2019-04-20',1,10),
(733, 12,1,'2019-04-20',4,11),
(734, 12,37,'2019-04-21',3,8),
(735, 12,23,'2019-04-21',2,5),
(736, 12,41,'2019-04-22',4,1),
(737, 12,24,'2019-04-23',5,3),
(738, 12,23,'2019-04-24',2,11),
(739, 12,14,'2019-04-25',1,8),
(740, 12,24,'2019-04-26',10,5),
(741, 12,41,'2019-04-27',1,3),
(742, 12,1,'2019-04-28',4,2),
(743, 12,14,'2019-04-28',8,10),
(744, 12,37,'2019-04-29',3,11),
(745, 12,23,'2019-04-30',NULL,2),
(746, 12,24,'2019-05-01',5,4),
(747, 12,50,'2019-05-02',10,3),
(748, 12,34,'2019-05-03',8,11),
(749, 12,1,'2019-05-04',4,1),
(750, 12,23,'2019-05-04',2,3),
(751, 12,34,'2019-05-05',11,5),
(752, 12,50,'2019-05-05',10,8),
(753, 12,24,'2019-05-07',10,5),
(754, 12,11,'2019-05-08',4,3),
(755, 12,11,'2019-05-10',5,4),
(756, 12,37,'2019-05-12',10,5),
(757, 13,45,'2020-09-19',5,10),
(758, 13,12,'2020-09-20',4,11),
(759, 13,45,'2020-10-21',2,8),
(760, 13,43,'2020-11-03',3,10),
(761, 13,43,'2020-09-22',1,5),
(762, 13,45,'2020-10-24',8,4),
(763, 13,12,'2020-10-24',11,3),
(764, 13,45,'2020-10-28',10,2),
(765, 13,43,'2020-10-09',4,1),
(766, 13,45,'2020-10-07',8,5),
(767, 13,43,'2020-10-31',3,2),
(768, 13,45,'2020-10-01',10,11),
(769, 13,12,'2020-09-30',8,1),
(770, 13,45,'2020-11-02',4,2),
(771, 13,45,'2020-11-01',5,11),
(772, 13,12,'2020-10-11',1,3),
(773, 13,45,'2020-09-23',10,8),
(774, 13,43,'2020-10-17',4,5),
(775, 13,12,'2020-09-24',11,2),
(776, 13,45,'2020-10-06',10,1),
(777, 13,45,'2020-10-18',8,3),
(778, 13,12,'2020-10-04',5,11),
(779, 13,45,'2020-10-03',2,1),
(780, 13,43,'2020-10-03',4,8),
(781, 13,12,'2020-10-02',3,5),
(782, 13,12,'2020-10-18',11,10),
(783, 13,12,'2020-10-22',3,1),
(784, 13,12,'2020-10-05',4,2),
(785, 13,43,'2020-10-26',11,8),
(786, 13,43,'2020-10-23',10,5),
(787, 13,12,'2020-10-17',2,1),
(788, 13,45,'2020-10-10',8,11),
(789, 13,12,'2020-10-27',3,4),
(790, 13,12,'2020-10-10',2,5),
(791, 13,45,'2020-10-16',10,8),
(792, 13,43,'2020-09-27',1,11),
(793, 13,12,'2020-10-13',5,3),
(794, 13,45,'2020-10-11',10,4),
(795, 13,12,'2020-11-01',8,1),
(796, 13,43,'2020-10-15',11,2),
(797, 13,45,'2020-09-29',3,4),
(798, 13,45,'2020-10-19',1,5),
(799, 13,12,'2020-09-21',2,3),
(800, 13,12,'2020-10-31',10,4),
(801, 13,12,'2020-10-29',5,8),
(802, 13,45,'2020-10-30',1,11),
(803, 13,43,'2020-10-04',10,3),
(804, 13,12,'2020-09-25',4,5),
(805, 13,43,'2020-10-12',2,8),
(806, 13,45,'2020-10-25',1,10),
(807, 13,12,'2020-10-08',3,11),
(808, 13,12,'2020-10-14',4,1),
(809, 13,12,'2020-10-25',5,2),
(810, 13,45,'2020-09-26',8,3),
(811, 13,12,'2020-10-20',11,4),
(812, 13,12,'2020-09-28',2,10),
(813, 13,12,'2020-11-05',10,4),
(814, 13,45,'2020-11-06',3,2),
(815, 13,45,'2020-11-08',4,3),
(816, 13,12,'2020-11-10',10,4),
(817, 14,26,'2021-04-09',2,10),
(818, 14,51,'2021-04-10',4,5),
(819, 14,26,'2021-04-11',8,3),
(820, 14,51,'2021-04-12',9,1),
(821, 14,26,'2021-04-13',10,8),
(822, 14,26,'2021-04-14',2,3),
(823, 14,51,'2021-04-15',1,4),
(824, 14,51,'2021-04-16',5,9),
(825, 14,26,'2021-04-17',10,3),
(826, 14,26,'2021-04-18',2,8),
(827, 14,51,'2021-04-18',4,9),
(828, 14,51,'2021-04-19',5,1),
(829, 14,26,'2021-04-20',4,10),
(830, 14,26,'2021-04-21',3,9),
(831, 14,51,'2021-04-21',5,8),
(832, 14,51,'2021-04-22',2,1),
(833, 14,26,'2021-04-23',9,10),
(834, 14,51,'2021-04-24',1,8),
(835, 14,51,'2021-04-25',5,2),
(836, 14,26,'2021-04-25',4,3),
(837, 14,29,'2021-04-26',8,9),
(838, 14,29,'2021-04-27',2,4),
(839, 14,2,'2021-04-28',5,3),
(840, 14,2,'2021-04-29',10,1),
(841, 14,29,'2021-04-29',4,8),
(842, 14,29,'2021-04-30',9,2),
(843, 14,2,'2021-05-01',10,5),
(844, 14,2,'2021-05-02',1,3),
(845, 14,29,'2021-05-02',4,9),
(846, 14,52,'2021-09-20',8,2),
(847, 14,52,'2021-10-08',10,3),
(848, 14,52,'2021-10-02',1,5),
(849, 14,43,'2021-10-03',2,9),
(850, 14,43,'2021-09-30',5,3),
(851, 14,43,'2021-09-28',8,4),
(852, 14,43,'2021-10-05',10,1),
(853, 14,12,'2021-10-07',9,5),
(854, 14,52,'2021-10-06',3,2),
(855, 14,52,'2021-09-23',8,10),
(856, 14,52,'2021-09-25',4,1),
(857, 14,52,'2021-09-26',5,8),
(858, 14,52,'2021-09-28',10,9),
(859, 14,12,'2021-09-27',3,1),
(860, 14,12,'2021-10-08',2,4),
(861, 14,12,'2021-10-01',9,8),
(862, 14,12,'2021-09-29',2,1),
(863, 14,12,'2021-09-19',5,10),
(864, 14,12,'2021-09-22',4,3),
(865, 14,43,'2021-10-07',8,1),
(866, 14,43,'2021-09-25',9,3),
(867, 14,12,'2021-09-26',2,10),
(868, 14,12,'2021-10-03',8,3),
(869, 14,12,'2021-10-04',4,5),
(870, 14,12,'2021-09-21',1,9),
(871, 14,43,'2021-10-02',4,10),
(872, 14,43,'2021-09-24',5,2),
(873, 14,12,'2021-10-10',5,4),
(874, 14,43,'2021-10-11',8,2),
(875, 14,43,'2021-10-13',8,4),
(876, 14,12,'2021-10-15',5,8),
(877, 15,51,'2022-03-26',8,5),
(878, 15,5,'2022-03-27',4,10),
(879, 15,9,'2022-03-27',9,2),
(880, 15,51,'2022-03-28',6,7),
(881, 15,28,'2022-03-29',1,3),
(882, 15,9,'2022-03-30',2,8),
(883, 15,5,'2022-03-31',7,5),
(884, 15,51,'2022-04-01',8,9),
(885, 15,9,'2022-04-02',1,10),
(886, 15,28,'2022-04-02',6,4),
(887, 15,5,'2022-04-03',9,5),
(888, 15,9,'2022-04-04',7,3),
(889, 15,51,'2022-04-05',2,1),
(890, 15,28,'2022-04-06',8,10),
(891, 15,9,'2022-04-07',7,4),
(892, 15,5,'2022-04-08',6,9),
(893, 15,9,'2022-04-09',3,5),
(894, 15,28,'2022-04-09',2,10),
(895, 15,5,'2022-04-10',4,8),
(896, 15,51,'2022-04-10',1,7),
(897, 15,9,'2022-04-11',3,6),
(898, 15,9,'2022-04-12',5,2),
(899, 15,28,'2022-04-13',9,10),
(900, 15,9,'2022-04-14',6,1),
(901, 15,5,'2022-04-15',3,8),
(902, 15,5,'2022-04-16',7,10),
(903, 15,51,'2022-04-16',2,4),
(904, 15,9,'2022-04-17',3,9),
(905, 15,28,'2022-04-17',6,5),
(906, 15,5,'2022-04-18',1,8),
(907, 15,9,'2022-04-19',2,7),
(908, 15,5,'2022-04-20',4,9),
(909, 15,9,'2022-04-21',5,10),
(910, 15,51,'2022-04-22',1,4),
(911, 15,9,'2022-04-23',6,8),
(912, 15,5,'2022-04-23',3,2),
(913, 15,51,'2022-04-24',7,10),
(914, 15,51,'2022-04-25',9,5),
(915, 15,28,'2022-04-26',1,2),
(916, 15,51,'2022-04-27',6,3),
(917, 15,51,'2022-04-28',4,8),
(918, 15,28,'2022-04-29',7,9),
(919, 15,5,'2022-04-30',6,2),
(920, 15,9,'2022-04-30',10,1),
(921, 15,51,'2022-05-01',7,4),
(922, 15,28,'2022-05-01',5,3),
(923, 15,51,'2022-05-02',8,1),
(924, 15,9,'2022-05-03',9,6),
(925, 15,28,'2022-05-04',2,5),
(926, 15,5,'2022-05-05',4,3),
(927, 15,5,'2022-05-06',10,6),
(928, 15,51,'2022-05-07',1,9),
(929, 15,28,'2022-05-07',7,8),
(930, 15,51,'2022-05-08',2,3),
(931, 15,9,'2022-05-08',5,4),
(932, 15,9,'2022-05-09',8,10),
(933, 15,28,'2022-05-10',6,7),
(934, 15,9,'2022-05-11',4,1),
(935, 15,51,'2022-05-12',10,5),
(936, 15,5,'2022-05-13',9,2),
(937, 15,28,'2022-05-14',8,3),
(938, 15,51,'2022-05-15',6,5),
(939, 15,5,'2022-05-15',1,7),
(940, 15,9,'2022-05-16',4,9),
(941, 15,51,'2022-05-17',3,10),
(942, 15,9,'2022-05-18',7,8),
(943, 15,51,'2022-05-19',2,6),
(944, 15,5,'2022-05-20',1,5),
(945, 15,51,'2022-05-21',10,4),
(946, 15,51,'2022-05-22',9,3),
(947, 15,15,'2022-05-24',6,1),
(948, 15,15,'2022-05-25',2,7),
(949, 15,29,'2022-05-27',1,2),
(950, 15,29,'2022-05-29',6,1)

GO

GO

INSERT INTO [MatchStats] (MatchID,TotalRuns,TotalWickets,HighestScore,BestBowler,BestBatter,Catches,Runout,PlayerofMatch)
VALUES 
(1, 304, 13, NULL, 88,21,9,1,21),
(2, 447, 9, NULL, 49,49,6,0,49),
(3, 261, 9, NULL, 31,11,2,2,220),
(4, 331, 12, NULL, 98,8,7,1,138),
(5, 222, 15, NULL, 86,67,11,1,67),
(6, 334, 12, NULL, 133,15,3,1,15),
(7, 285, 9, NULL, 4,25,5,1,25),
(8, 410, 12, NULL, 76,76,7,2,76),
(9, 431, 12, NULL, 99,86,7,1,20),
(10, 298, 19, NULL, 54,54,10,3,54),
(11, 273, 11, NULL, 82,15,9,2,15),
(12, 299, 10, NULL, 65,76,7,1,269),
(13, 309, 7, NULL, 98,44,6,0,44),
(14, 320, 14, NULL, 181,181,7,2,181),
(15, 343, 15, NULL, 147,9,8,3,9),
(16, 275, 11, NULL, 275,57,7,1,98),
(17, 372, 10, NULL, 11,11,6,1,546),
(18, 331, 11, NULL, 4,32,6,2,32),
(19, 347, 17, NULL, 20,130,5,4,130),
(20, 341, 8, NULL, 5,25,5,1,25),
(21, 336, 15, NULL, 4,90,8,4,154),
(22, 347, 12, NULL, 159,67,5,1,75),
(23, 295, 18, NULL, 426,25,13,1,232),
(24, 219, 12, NULL, 272,99,6,0,367),
(25, 253, 14, NULL, 42,42,7,3,355),
(26, 292, 10, NULL, 197,44,8,0,44),
(27, 207, 13, NULL, 130,130,7,0,345),
(28, 375, 11, NULL, 9,11,8,1,9),
(29, 253, 11, NULL, 36,138,3,4,65),
(30, 281, 10, NULL, 83,20,7,2,20),
(31, 248, 10, NULL, 42,98,7,1,543),
(32, 344, 13, NULL, 32,62,12,0,364),
(33, 385, 11, NULL, 83,65,9,1,65),
(34, 315, 14, NULL, 15,15,5,4,15),
(35, 287, 9, NULL, 138,32,2,1,32),
(36, 243, 16, NULL, 67,194,9,3,556),
(37, 314, 7, NULL, 197,98,4,0,98),
(38, 401, 10, NULL, 248,32,5,1,32),
(39, 376, 13, NULL, 328,11,8,1,142),
(40, 135, 12, NULL, 65,98,9,1,232),
(41, 212, 7, NULL, 25,25,6,0,52),
(42, 329, 10, NULL, 42,99,8,0,99),
(43, 331, 14, NULL, 467,83,8,1,57),
(44, 204, 5, NULL, 194,194,1,0,471),
(45, 312, 12, NULL, 6,162,6,3,162),
(46, 297, 12, NULL, 36,20,7,1,20),
(47, 377, 14, NULL, 37,157,7,5,32),
(48, 238, 16, NULL, 5,42,10,1,361),
(49, 353, 8, NULL, 32,32,5,0,32),
(50, 355, 13, NULL, 8,98,7,2,10),
(51, 412, 12, NULL, 246,99,7,3,87),
(52, 309, 14, NULL, 167,4,7,1,147),
(53, 349, 13, NULL, 65,65,5,1,352),
(54, 291, 12, NULL, 38,248,6,2,367),
(55, 295, 11, NULL, 296,5,8,1,5),
(56, 279, 19, NULL, 20,15,13,2,15),
(57, 228, 9, NULL, 32,5,6,1,471),
(58, 327, 12, NULL, 20,20,8,2,20),
(59, 311, 14, NULL, 37,37,10,1,37),
(60, 191, 18, NULL, 42,42,11,1,42),
(61, 162, 7, NULL, 28,188,4,2,238),
(62, 205, 12, NULL, 260,90,6,2,328),
(63, 266, 15, NULL, 42,76,6,2,419),
(64, 237, 7, NULL, 52,7,6,1,7),
(65, 344, 14, NULL, 1,44,9,2,44),
(66, 369, 14, NULL, 87,6,11,3,6),
(67, 333, 15, NULL, 65,7,13,1,20),
(68, 341, 12, NULL, 35,118,8,1,118),
(69, 324, 16, NULL, 90,90,9,1,423),
(70, 299, 11, NULL, 74,74,6,1,74),
(71, 251, 13, NULL, 54,54,8,2,54),
(72, 334, 10, NULL, 90,90,7,0,90),
(73, 282, 15, NULL, 47,37,10,1,37),
(74, 290, 12, NULL, 99,20,5,1,20),
(75, 282, 11, NULL, 7,162,9,0,138),
(76, 235, 15, NULL, 54,47,9,1,54),
(77, 298, 13, NULL, 328,74,7,2,547),
(78, 290, 14, NULL, 329,5,10,0,5),
(79, 287, 12, NULL, 47,64,7,1,47),
(80, 282, 16, NULL, 1,28,10,1,28),
(81, 283, 12, NULL, 290,106,9,1,20),
(82, 308, 18, NULL, 3,10,10,1,395),
(83, 307, 7, NULL, 52,64,7,0,52),
(84, 299, 5, NULL, 98,35,5,0,35),
(85, 278, 13, NULL, 106,9,9,0,9),
(86, 344, 12, NULL, 54,99,9,0,99),
(87, 311, 4, NULL, 222,222,3,0,11),
(88, 271, 14, NULL, 47,47,7,1,4),
(89, 212, 13, NULL, 58,58,6,2,553),
(90, 359, 6, NULL, 181,76,5,0,76),
(91, 234, 13, NULL, 13,6,7,3,345),
(92, 337, 12, NULL, 52,86,8,3,52),
(93, 281, 10, NULL, 290,62,3,1,62),
(94, 298, 9, NULL, 138,13,4,1,47),
(95, 248, 11, NULL, 65,65,9,0,142),
(96, 279, 17, NULL, 31,38,6,3,38),
(97, 349, 8, NULL, 21,21,6,0,82),
(98, 241, 11, NULL, 144,57,5,3,94),
(99, 334, 17, NULL, 295,44,11,2,149),
(100, 261, 18, NULL, 82,76,12,3,82),
(101, 288, 17, NULL, 94,264,8,4,196),
(102, 243, 13, NULL, 10,54,10,1,244),
(103, 298, 8, NULL, 47,76,3,2,76),
(104, 326, 9, NULL, 106,64,6,3,4),
(105, 267, 15, NULL, 4,54,6,2,28),
(106, 286, 12, NULL, 135,6,6,0,6),
(107, 377, 6, NULL, 67,21,1,3,64),
(108, 269, 10, NULL, 10,35,7,0,35),
(109, 203, 15, NULL, 58,134,6,4,134),
(110, 208, 17, NULL, 5,22,7,2,419),
(111, 331, 14, NULL, 37,13,7,1,25),
(112, 328, 10, NULL, 16,16,7,1,16),
(113, 307, 12, NULL, 74,44,6,2,44),
(114, 295, 9, NULL, 87,16,5,0,16),
(115, 280, 15, NULL, 90,90,8,0,361),
(116, 311, 11, NULL, 64,101,8,0,101),
(117, 420, 14, NULL, 170,20,4,4,20),
(118, 288, 14, NULL, 118,11,9,2,11),
(119, 271, 10, NULL, 35,35,6,0,55),
(120, 349, 13, NULL, 87,86,5,3,295),
(121, 283, 10, NULL, 99,25,7,2,25),
(122, 407, 5, NULL, 35,35,5,0,35),
(123, 273, 13, NULL, 65,9,5,1,9),
(124, 338, 16, NULL, 220,37,6,2,37),
(125, 185, 10, NULL, 366,35,2,2,35),
(126, 375, 11, NULL, 5,76,8,1,76),
(127, 334, 16, NULL, 118,75,9,3,86),
(128, 302, 12, NULL, 212,187,6,2,187),
(129, 306, 12, NULL, 37,35,7,1,35),
(130, 332, 15, NULL, 10,3,8,3,86),
(131, 291, 18, NULL, 87,22,7,3,485),
(132, 311, 6, NULL, 37,7,2,0,37),
(133, 306, 12, NULL, 8,8,6,1,8),
(134, 335, 15, NULL, 52,200,9,3,212),
(135, 361, 7, NULL, 37,5,2,0,37),
(136, 299, 11, NULL, 4,20,4,4,20),
(137, 327, 11, NULL, 55,55,6,0,55),
(138, 349, 13, NULL, 1,73,5,5,73),
(139, 337, 14, NULL, 58,58,8,4,58),
(140, 303, 17, NULL, 37,37,11,0,94),
(141, 314, 13, NULL, 36,3,3,1,3),
(142, 327, 16, NULL, 32,32,9,2,283),
(143, 323, 9, NULL, 5,29,6,1,29),
(144, 309, 16, NULL, 247,10,9,3,10),
(145, 338, 11, NULL, 65,65,9,0,65),
(146, 365, 9, NULL, 118,84,6,2,84),
(147, 469, 10, NULL, 58,29,8,1,29),
(148, 293, 15, NULL, 106,12,7,1,12),
(149, 404, 5, NULL, 52,52,3,0,52),
(150, 331, 14, NULL, 35,193,6,2,193),
(151, 316, 20, NULL, 4,4,15,2,196),
(152, 306, 13, NULL, 76,37,6,1,5),
(153, 310, 7, NULL, 52,166,5,1,166),
(154, 348, 11, NULL, 10,25,3,3,65),
(155, 370, 9, NULL, 35,106,6,0,106),
(156, 312, 13, NULL, 47,54,5,1,54),
(157, 277, 12, NULL, 5,106,8,1,261),
(158, 322, 12, NULL, 209,42,9,2,154),
(159, 223, 13, NULL, 123,52,6,2,112),
(160, 311, 13, NULL, 37,37,9,3,37),
(161, 289, 16, NULL, 8,4,8,2,448),
(162, 327, 11, NULL, 10,18,4,2,18),
(163, 282, 9, NULL, 101,5,4,0,109),
(164, 262, 11, NULL, 84,84,6,2,84),
(165, 225, 13, NULL, 62,11,10,1,11),
(166, 352, 8, NULL, 4,52,6,0,4),
(167, 325, 13, NULL, 226,12,8,0,226),
(168, 265, 11, NULL, 43,65,6,1,224),
(169, 387, 7, NULL, 32,32,3,0,9),
(170, 279, 14, NULL, 193,193,8,2,86),
(171, 268, 9, NULL, 12,21,6,1,260),
(172, 333, 14, NULL, 82,60,8,2,18),
(173, 246, 17, NULL, 90,62,11,1,413),
(174, 168, 11, NULL, 318,318,5,0,361),
(175, 314, 14, NULL, 12,5,9,4,5),
(176, 304, 11, NULL, 55,230,5,2,230),
(177, 278, 10, NULL, 294,135,8,0,349),
(178, 323, 9, NULL, 31,6,6,0,6),
(179, 194, 12, NULL, 228,37,3,3,283),
(180, 225, 11, NULL, 226,226,10,1,570),
(181, 317, 12, NULL, 2,35,7,1,35),
(182, 303, 10, NULL, 3,83,8,0,196),
(183, 283, 5, NULL, 74,74,1,0,37),
(184, 381, 8, NULL, 125,125,3,1,125),
(185, 299, 14, NULL, 22,31,8,3,182),
(186, 317, 14, NULL, 1,1,11,0,221),
(187, 319, 5, NULL, 95,35,1,1,11),
(188, 366, 4, NULL, 31,37,0,1,21),
(189, 345, 12, NULL, 49,49,11,0,49),
(190, 331, 10, NULL, 129,125,7,0,125),
(191, 377, 12, NULL, 28,28,7,1,28),
(192, 166, 12, NULL, 196,11,3,2,364),
(193, 266, 7, NULL, 5,5,4,1,21),
(194, 320, 11, NULL, 3,144,7,0,144),
(195, 242, 13, NULL, 8,8,11,0,366),
(196, 258, 16, NULL, 55,55,5,2,52),
(197, 342, 14, NULL, 32,32,8,1,32),
(198, 320, 13, NULL, 62,4,9,0,94),
(199, 346, 6, NULL, 55,7,4,1,7),
(200, 433, 10, NULL, 32,32,9,0,3),
(201, 307, 12, NULL, 54,4,5,3,283),
(202, 220, 12, NULL, 22,15,4,3,196),
(203, 259, 15, NULL, 49,49,7,2,49),
(204, 321, 13, NULL, 25,1,7,2,1),
(205, 286, 8, NULL, 28,62,7,0,413),
(206, 203, 17, NULL, 52,54,9,1,332),
(207, 279, 16, NULL, 55,55,11,3,55),
(208, 189, 11, NULL, 94,135,3,0,135),
(209, 336, 10, NULL, 8,1,8,0,1),
(210, 276, 17, NULL, 25,25,8,2,25),
(211, 239, 8, NULL, 44,11,3,3,281),
(212, 287, 11, NULL, 399,82,6,2,82),
(213, 311, 13, NULL, 129,144,5,2,87),
(214, 295, 13, NULL, 32,32,9,0,18),
(215, 281, 9, NULL, 22,21,7,1,567),
(216, 318, 10, NULL, 2,2,5,0,20),
(217, 296, 8, NULL, 42,49,5,0,49),
(218, 299, 14, NULL, 16,16,12,1,312),
(219, 295, 12, NULL, 52,63,7,3,64),
(220, 354, 11, NULL, 25,25,8,1,25),
(221, 325, 15, NULL, 6,7,6,1,7),
(222, 175, 6, NULL, 49,62,3,1,281),
(223, 324, 14, NULL, 209,12,8,1,12),
(224, 253, 10, NULL, 22,74,6,2,7),
(225, 239, 13, NULL, 273,28,10,0,312),
(226, 329, 13, NULL, 13,29,6,2,29),
(227, 273, 12, NULL, 168,16,6,0,128),
(228, 250, 18, NULL, 213,32,11,2,522),
(229, 297, 7, NULL, 13,7,5,1,320),
(230, 334, 10, NULL, 75,9,7,1,9),
(231, 359, 11, NULL, 52,52,4,2,10),
(232, 194, 10, NULL, 6,7,9,1,7),
(233, 260, 14, NULL, 37,37,7,1,142),
(234, 311, 14, NULL, 10,125,11,0,112),
(235, 195, 12, NULL, 139,64,5,1,64),
(236, 274, 13, NULL, 28,144,4,1,142),
(237, 353, 12, NULL, 6,44,8,0,44),
(238, 293, 10, NULL, 49,64,6,1,36),
(239, 237, 10, NULL, 11,11,6,0,20),
(240, 267, 5, NULL, 37,15,3,0,15),
(241, 314, 12, NULL, 112,2,9,1,2),
(242, 56, 3, NULL, 192,3,1,0,NULL),
(243, 257, 10, NULL, 9,7,7,0,7),
(244, 353, 12, NULL, 37,35,6,3,153),
(245, 352, 8, NULL, 1,5,4,0,5),
(246, 295, 13, NULL, 153,155,7,2,366),
(247, 327, 12, NULL, 153,7,8,0,7),
(248, 352, 13, NULL, 60,29,7,0,29),
(249, 227, 13, NULL, 395,289,8,3,289),
(250, 197, 11, NULL, 11,75,3,2,75),
(251, 230, 18, NULL, 153,33,5,2,33),
(252, 351, 13, NULL, 13,13,7,1,13),
(253, 294, 15, NULL, 6,6,10,2,6),
(254, 312, 16, NULL, 288,31,9,0,31),
(255, 306, 15, NULL, 55,55,5,2,64),
(256, 310, 14, NULL, 44,223,6,3,223),
(257, 280, 14, NULL, 88,4,8,0,4),
(258, 288, 17, NULL, 60,11,13,0,364),
(259, 221, 10, NULL, 57,84,4,5,251),
(260, 367, 16, NULL, 12,120,11,0,18),
(261, 413, 13, NULL, 1,7,10,1,19),
(262, 231, 13, NULL, 123,32,6,2,297),
(263, 268, 10, NULL, 42,120,5,2,97),
(264, 319, 13, NULL, 168,84,10,2,84),
(265, 311, 8, NULL, 87,111,4,2,111),
(266, 266, 16, NULL, 112,56,7,1,81),
(267, 331, 12, NULL, 320,13,5,0,13),
(268, 185, 13, NULL, 4,25,8,1,350),
(269, 393, 7, NULL, 64,47,6,0,64),
(270, 368, 10, NULL, 223,7,7,2,7),
(271, 251, 9, NULL, 44,11,6,1,11),
(272, 380, 5, NULL, 2,3,4,1,3),
(273, 315, 12, NULL, 9,19,11,0,516),
(274, 329, 11, NULL, 7,7,6,0,7),
(275, 293, 7, NULL, 120,19,6,0,19),
(276, 364, 10, NULL, 25,111,6,1,65),
(277, 327, 10, NULL, 153,153,7,2,32),
(278, 253, 12, NULL, 47,2,7,1,244),
(279, 332, 10, NULL, 42,74,8,0,6),
(280, 294, 4, NULL, 16,25,2,1,25),
(281, 339, 9, NULL, 4,67,9,0,12),
(282, 336, 11, NULL, 88,88,6,2,88),
(283, 377, 14, NULL, 84,25,8,1,25),
(284, 305, 16, NULL, 213,56,8,3,56),
(285, 333, 10, NULL, 7,11,7,0,11),
(286, 303, 9, NULL, 164,13,6,1,25),
(287, 201, 15, NULL, 47,4,12,0,221),
(288, 279, 10, NULL, 11,11,8,1,11),
(289, 359, 9, NULL, 33,54,5,1,54),
(290, 285, 10, NULL, 42,25,7,0,145),
(291, 321, 11, NULL, 104,7,4,3,140),
(292, 239, 15, NULL, 10,123,6,4,283),
(293, 310, 11, NULL, 9,88,5,2,5),
(294, 293, 13, NULL, 101,11,8,1,81),
(295, 311, 14, NULL, 32,42,9,0,15),
(296, 347, 16, NULL, 38,37,7,2,38),
(297, 366, 7, NULL, 74,2,2,1,6),
(298, 307, 13, NULL, 75,21,6,3,35),
(299, 251, 9, NULL, 33,15,5,1,15),
(300, 315, 13, NULL, 56,56,6,2,56),
(301, 283, 7, NULL, 37,7,4,0,7),
(302, 253, 12, NULL, 49,64,8,1,NULL),
(303, 311, 12, NULL, 33,7,4,1,7),
(304, 337, 5, NULL, 35,4,2,0,4),
(305, 229, 6, NULL, 3,29,5,0,NULL),
(306, 295, 13, NULL, 13,13,6,0,542),
(307, 384, 10, NULL, 67,88,9,0,67),
(308, 344, 11, NULL, 74,12,4,3,12),
(309, 318, 11, NULL, 159,11,6,2,49),
(310, 276, 13, NULL, 67,52,9,2,214),
(311, 248, 17, NULL, 4,55,8,1,81),
(312, 243, 11, NULL, 44,44,10,0,44),
(313, 409, 10, NULL, 46,7,10,0,7),
(314, 254, 13, NULL, 120,227,7,1,221),
(315, 286, 12, NULL, 83,3,10,0,214),
(316, 238, 12, NULL, 111,97,5,0,97),
(317, 255, 16, NULL, 1,47,10,0,221),
(318, 325, 6, NULL, 120,38,3,1,38),
(319, 306, 12, NULL, 75,52,9,1,20),
(320, 336, 14, NULL, 49,9,11,1,9),
(321, 358, 15, NULL, 52,29,8,3,29),
(322, 382, 8, NULL, 35,95,6,0,95),
(323, 257, 14, NULL, 52,52,9,1,81),
(324, 310, 10, NULL, 7,7,3,1,7),
(325, 230, 16, NULL, 101,131,8,1,142),
(326, 325, 13, NULL, 3,3,6,1,42),
(327, 287, 15, NULL, 9,18,8,0,18),
(328, 199, 11, NULL, 8,78,4,2,78),
(329, 295, 15, NULL, 165,1,10,1,165),
(330, 269, 16, NULL, 63,63,9,1,349),
(331, 374, 14, NULL, 241,10,9,2,10),
(332, 277, 10, NULL, 147,49,9,1,49),
(333, 312, 10, NULL, 11,7,7,1,7),
(334, 293, 8, NULL, 64,43,6,0,43),
(335, 229, 15, NULL, 73,73,10,1,142),
(336, 325, 11, NULL, 128,4,7,1,4),
(337, 331, 12, NULL, 6,6,10,0,31),
(338, 312, 11, NULL, 152,11,5,2,11),
(339, 250, 14, NULL, 13,67,10,2,119),
(340, 294, 13, NULL, 33,43,10,0,33),
(341, 310, 18, NULL, 20,11,8,1,272),
(342, 330, 14, NULL, 1,1,8,3,1),
(343, 227, 18, NULL, 16,245,10,1,142),
(344, 271, 13, NULL, 10,13,6,2,13),
(345, 252, 14, NULL, 73,49,7,2,49),
(346, 250, 14, NULL, 124,165,8,2,165),
(347, 243, 15, NULL, 49,49,7,3,31),
(348, 240, 13, NULL, 542,7,10,0,154),
(349, 326, 5, NULL, 10,25,3,1,25),
(350, 371, 7, NULL, 56,34,5,0,34),
(351, 371, 9, NULL, 15,15,3,1,49),
(352, 396, 14, NULL, 7,7,10,1,7),
(353, 335, 11, NULL, 52,32,8,0,34),
(354, 321, 11, NULL, 38,38,6,0,38),
(355, 319, 11, NULL, 9,2,8,1,9),
(356, 299, 10, NULL, 95,95,7,1,35),
(357, 290, 11, NULL, 165,15,10,0,119),
(358, 330, 14, NULL, 60,38,8,3,38),
(359, 386, 7, NULL, 95,95,3,2,49),
(360, 313, 9, NULL, 3,3,9,0,3),
(361, 344, 12, NULL, 93,17,7,2,17),
(362, 344, 13, NULL, 34,4,10,0,4),
(363, 291, 12, NULL, 179,5,5,3,9),
(364, 259, 7, NULL, 38,2,4,0,332),
(365, 273, 10, NULL, 35,3,8,1,3),
(366, 357, 10, NULL, 34,5,5,1,5),
(367, 357, 12, NULL, 8,8,8,1,6),
(368, 265, 8, NULL, 15,20,3,0,20),
(369, 161, 14, NULL, 75,2,4,1,160),
(370, 350, 8, NULL, 44,44,3,0,44),
(371, 218, 15, NULL, 49,4,8,0,218),
(372, 360, 9, NULL, 8,13,6,1,13),
(373, 323, 9, NULL, 1,1,6,0,1),
(374, 309, 5, NULL, 52,202,4,0,13),
(375, 275, 16, NULL, 281,38,7,3,37),
(376, 369, 11, NULL, 22,5,8,2,5),
(377, 292, 8, NULL, 32,32,2,0,257),
(378, 258, 16, NULL, 8,11,11,0,11),
(379, 362, 11, NULL, 158,1,3,1,224),
(380, 228, 13, NULL, 450,4,9,1,218),
(381, 270, 16, NULL, 22,22,7,3,22),
(382, 231, 14, NULL, 154,35,8,0,35),
(383, 285, 9, NULL, 29,15,5,1,15),
(384, 241, 12, NULL, 3,3,8,1,448),
(385, 362, 7, NULL, 4,18,4,0,18),
(386, 333, 11, NULL, 20,20,3,3,16),
(387, 303, 13, NULL, 3,9,10,1,9),
(388, 318, 15, NULL, 13,146,10,2,146),
(389, 384, 7, NULL, 56,34,4,0,34),
(390, 249, 18, NULL, 131,245,10,3,142),
(391, 316, 17, NULL, 78,140,6,1,140),
(392, 306, 14, NULL, 75,43,11,0,268),
(393, 188, 8, NULL, 29,1,7,0,1),
(394, 262, 12, NULL, 20,20,5,2,22),
(395, 336, 11, NULL, 12,49,10,0,49),
(396, 267, 13, NULL, 13,64,7,2,64),
(397, 334, 12, NULL, 42,38,9,0,94),
(398, 273, 18, NULL, 29,9,10,1,18),
(399, 285, 12, NULL, 18,35,4,0,35),
(400, 291, 6, NULL, 29,47,4,0,359),
(401, 411, 8, NULL, 40,40,4,0,40),
(402, 268, 12, NULL, 13,13,11,0,13),
(403, 231, 12, NULL, 12,22,8,1,22),
(404, 333, 11, NULL, 47,16,6,1,47),
(405, 384, 8, NULL, 17,40,4,1,40),
(406, 261, 16, NULL, 10,5,12,1,5),
(407, 314, 16, NULL, 14,40,11,0,40),
(408, 273, 16, NULL, 149,38,11,3,31),
(409, 298, 12, NULL, 35,68,9,0,68),
(410, 364, 5, NULL, 84,43,5,0,43),
(411, 283, 10, NULL, 21,21,5,1,252),
(412, 141, 14, NULL, 1,13,9,2,439),
(413, 241, 19, NULL, 207,25,5,2,333),
(414, 251, 11, NULL, 84,29,6,2,29),
(415, 291, 10, NULL, 43,38,6,0,38),
(416, 251, 13, NULL, 25,25,9,0,333),
(417, 326, 15, NULL, 97,13,6,4,119),
(418, 329, 12, NULL, 18,18,9,0,179),
(419, 262, 12, NULL, 8,21,7,1,31),
(420, 338, 10, NULL, 36,36,7,1,117),
(421, 308, 8, NULL, 61,61,5,0,61),
(422, 313, 12, NULL, 6,6,8,1,6),
(423, 330, 12, NULL, 97,8,6,1,439),
(424, 359, 7, NULL, 29,38,5,1,38),
(425, 355, 13, NULL, 4,4,6,2,4),
(426, 321, 7, NULL, 29,11,4,1,11),
(427, 418, 10, NULL, 21,40,6,1,40),
(428, 236, 19, NULL, 75,2,10,3,179),
(429, 364, 17, NULL, 218,34,14,0,333),
(430, 187, 9, NULL, 446,10,7,0,221),
(431, 317, 12, NULL, 9,12,7,1,38),
(432, 299, 9, NULL, 108,25,3,1,11),
(433, 381, 10, NULL, 61,28,6,0,119),
(434, 317, 6, NULL, 43,12,2,1,12),
(435, 297, 13, NULL, 93,15,6,1,31),
(436, 356, 11, NULL, 47,28,3,2,28),
(437, 416, 9, NULL, 58,58,4,2,36),
(438, 283, 9, NULL, 20,8,4,0,8),
(439, 340, 15, NULL, 55,13,6,2,13),
(440, 280, 9, NULL, 5,5,7,0,6),
(441, 288, 11, NULL, 75,8,7,2,214),
(442, 331, 11, NULL, 61,80,9,1,49),
(443, 329, 13, NULL, 10,10,9,0,77),
(444, 321, 9, NULL, 1,1,5,2,3),
(445, 310, 6, NULL, 5,8,3,1,8),
(446, 315, 11, NULL, 108,80,5,2,80),
(447, 360, 9, NULL, 8,8,4,1,8),
(448, 374, 7, NULL, 2,3,3,2,3),
(449, 331, 14, NULL, 216,49,7,3,49),
(450, 342, 12, NULL, 17,32,7,1,32),
(451, 314, 8, NULL, 1,1,2,0,9),
(452, 321, 13, NULL, 20,20,5,4,20),
(453, 234, 13, NULL, 84,84,9,1,78),
(454, 384, 9, NULL, 117,117,7,1,117),
(455, 298, 16, NULL, 77,8,9,2,214),
(456, 349, 11, NULL, 94,80,8,0,5),
(457, 428, 13, NULL, 34,25,7,3,25),
(458, 399, 11, NULL, 16,36,8,1,16),
(459, 338, 6, NULL, 4,4,6,0,251),
(460, 299, 16, NULL, 87,87,10,1,345),
(461, 298, 15, NULL, 29,119,9,2,119),
(462, 373, 10, NULL, 3,21,5,3,21),
(463, 356, 13, NULL, 7,7,5,4,7),
(464, 370, 10, NULL, 13,71,5,0,71),
(465, 336, 12, NULL, 43,94,9,0,108),
(466, 338, 12, NULL, 6,3,6,0,3),
(467, 329, 9, NULL, 158,33,5,0,33),
(468, 334, 12, NULL, 8,8,7,0,46),
(469, 334, 12, NULL, 101,39,8,1,39),
(470, 258, 9, NULL, 13,13,3,1,13),
(471, 372, 11, NULL, 5,18,8,0,345),
(472, 330, 12, NULL, 118,26,6,1,47),
(473, 314, 15, NULL, 108,46,11,1,46),
(474, 313, 6, NULL, 38,13,3,0,13),
(475, 400, 14, NULL, 4,158,7,2,94),
(476, 293, 12, NULL, 11,11,7,1,214),
(477, 403, 16, NULL, 13,32,7,4,32),
(478, 277, 8, NULL, 16,3,6,0,3),
(479, 335, 16, NULL, 19,5,13,1,5),
(480, 343, 13, NULL, 47,26,11,0,26),
(481, 264, 10, NULL, 33,1,5,1,271),
(482, 294, 16, NULL, 152,80,13,0,283),
(483, 287, 12, NULL, 29,21,8,1,21),
(484, 194, 10, NULL, 73,7,4,1,343),
(485, 280, 15, NULL, 29,3,9,1,337),
(486, 329, 13, NULL, 47,20,8,1,112),
(487, 200, 7, NULL, 6,6,3,3,NULL),
(488, 266, 15, NULL, 155,8,9,2,57),
(489, 237, 9, NULL, 34,39,7,0,292),
(490, 366, 12, NULL, 93,17,8,1,12),
(491, 226, 7, NULL, 46,56,5,1,56),
(492, 362, 13, NULL, 63,3,6,2,3),
(493, 321, 10, NULL, 36,80,7,3,80),
(494, 364, 9, NULL, 47,13,7,0,13),
(495, 272, 19, NULL, 242,5,11,3,5),
(496, 299, 16, NULL, 85,85,8,3,214),
(497, 305, 11, NULL, 22,28,6,0,94),
(498, 314, 13, NULL, 77,7,2,0,7),
(499, 395, 11, NULL, 33,33,7,0,63),
(500, 317, 9, NULL, 38,22,7,2,48),
(501, 367, 14, NULL, 34,46,7,2,46),
(502, 320, 8, NULL, 85,85,5,0,85),
(503, 431, 8, NULL, 80,6,6,1,6),
(504, 302, 14, NULL, 110,21,12,1,31),
(505, 365, 12, NULL, 34,34,10,1,3),
(506, 239, 10, NULL, 26,26,7,0,259),
(507, 190, 12, NULL, 56,36,9,0,77),
(508, 337, 11, NULL, 20,48,8,1,48),
(509, 218, 7, NULL, 1,85,6,1,1),
(510, 264, 10, NULL, 40,19,6,0,145),
(511, 389, 15, NULL, 15,15,13,2,15),
(512, 189, 5, NULL, 47,27,4,1,NULL),
(513, 227, 11, NULL, 152,22,7,1,285),
(514, 349, 16, NULL, 18,80,12,1,18),
(515, 289, 14, NULL, 71,6,8,2,6),
(516, 279, 15, NULL, 121,49,9,2,345),
(517, 363, 13, NULL, 9,80,8,1,4),
(518, 247, 9, NULL, 12,13,5,0,13),
(519, 197, 11, NULL, 17,11,7,0,46),
(520, 323, 11, NULL, 34,43,5,1,43),
(521, 409, 10, NULL, 85,6,6,0,6),
(522, 375, 9, NULL, 4,4,5,2,4),
(523, 327, 8, NULL, 9,19,3,0,43),
(524, 224, 11, NULL, 78,27,4,2,142),
(525, 288, 9, NULL, 63,11,5,1,11),
(526, 290, 15, NULL, 43,43,12,1,43),
(527, 305, 11, NULL, 19,19,6,1,78),
(528, 383, 8, NULL, 1,27,7,1,27),
(529, 287, 9, NULL, 3,3,5,1,3),
(530, 279, 12, NULL, 32,8,8,1,8),
(531, 341, 11, NULL, 4,4,9,1,4),
(532, 272, 8, NULL, 5,3,6,0,179),
(533, 357, 12, NULL, 13,1,9,1,6),
(534, 318, 11, NULL, 4,4,5,3,17),
(535, 289, 11, NULL, 32,3,7,3,481),
(536, 362, 6, NULL, 10,1,5,0,1),
(537, 322, 13, NULL, 30,13,2,2,30),
(538, 353, 13, NULL, 34,22,8,0,22),
(539, 212, 11, NULL, 2,2,9,1,392),
(540, 343, 11, NULL, 10,110,8,0,110),
(541, 352, 9, NULL, 4,4,6,0,4),
(542, 391, 10, NULL, 5,33,3,4,38),
(543, 345, 18, NULL, 8,8,8,3,206),
(544, 373, 11, NULL, 85,3,8,2,3),
(545, 285, 19, NULL, 29,29,9,2,77),
(546, 320, 7, NULL, 60,4,7,0,4),
(547, 374, 12, NULL, 15,20,7,1,46),
(548, 299, 9, NULL, 31,23,4,1,23),
(549, 321, 12, NULL, 29,40,4,5,46),
(550, 328, 10, NULL, 47,13,6,2,13),
(551, 255, 11, NULL, 2,43,10,0,179),
(552, 386, 9, NULL, 1,1,5,1,1),
(553, 353, 10, NULL, 79,79,8,1,79),
(554, 269, 13, NULL, 94,2,10,0,345),
(555, 322, 9, NULL, 8,97,5,1,147),
(556, 349, 10, NULL, 29,29,5,2,15),
(557, 270, 16, NULL, 149,45,12,2,528),
(558, 304, 8, NULL, 12,14,7,1,66),
(559, 296, 11, NULL, 45,3,5,1,110),
(560, 251, 12, NULL, 94,29,7,0,79),
(561, 352, 13, NULL, 43,6,6,0,6),
(562, 169, 8, NULL, 75,20,3,1,20),
(563, 359, 7, NULL, 113,113,4,1,113),
(564, 332, 14, NULL, 350,66,6,3,66),
(565, 369, 6, NULL, 46,1,2,1,1),
(566, 197, 7, NULL, 61,13,4,0,392),
(567, 331, 12, NULL, 124,1,8,1,1),
(568, 249, 12, NULL, 20,5,7,2,38),
(569, 319, 11, NULL, 3,61,6,4,61),
(570, 345, 13, NULL, 9,9,10,0,9),
(571, 345, 12, NULL, 41,41,9,0,5),
(572, 320, 14, NULL, 20,20,11,1,20),
(573, 277, 12, NULL, 27,27,9,1,1),
(574, 317, 16, NULL, 6,6,9,1,6),
(575, 302, 16, NULL, 16,28,8,2,85),
(576, 325, 13, NULL, 3,3,7,2,3),
(577, 408, 14, NULL, 28,7,9,3,183),
(578, 379, 14, NULL, 15,28,9,2,28),
(579, 371, 11, NULL, 41,33,6,1,33),
(580, 367, 4, NULL, 5,68,3,0,68),
(581, 327, 10, NULL, 92,92,5,0,40),
(582, 299, 17, NULL, 23,73,5,1,73),
(583, 275, 8, NULL, 5,3,4,1,156),
(584, 358, 13, NULL, 16,16,8,0,41),
(585, 298, 6, NULL, 6,6,2,0,77),
(586, 313, 14, NULL, 19,17,11,1,17),
(587, 317, 14, NULL, 41,3,7,0,327),
(588, 341, 11, NULL, 113,11,8,0,81),
(589, 287, 11, NULL, 4,18,8,1,18),
(590, 343, 11, NULL, 55,21,6,0,274),
(591, 327, 12, NULL, 20,8,7,0,8),
(592, 325, 15, NULL, 77,127,10,0,117),
(593, 353, 8, NULL, 21,21,7,0,41),
(594, 295, 17, NULL, 92,53,6,1,92),
(595, 337, 13, NULL, 16,16,8,1,292),
(596, 313, 16, NULL, 78,78,7,0,179),
(597, 405, 9, NULL, 21,7,6,1,7),
(598, 367, 9, NULL, 26,45,7,1,45),
(599, 397, 6, NULL, 113,113,4,0,24),
(600, 375, 11, NULL, 5,5,8,1,5),
(601, 270, 15, NULL, 61,110,7,4,285),
(602, 355, 7, NULL, 53,9,3,1,9),
(603, 350, 14, NULL, 10,113,7,1,113),
(604, 180, 20, NULL, 7,81,15,0,292),
(605, 317, 14, NULL, 4,4,5,1,92),
(606, 366, 8, NULL, 33,8,3,1,8),
(607, 269, 13, NULL, 6,43,9,2,274),
(608, 321, 9, NULL, 110,11,1,2,11),
(609, 388, 12, NULL, 32,32,10,0,156),
(610, 253, 12, NULL, 1,1,9,1,311),
(611, 323, 21, NULL, 66,22,9,5,66),
(612, 135, 10, NULL, 142,174,4,0,333),
(613, 370, 10, NULL, 45,3,7,2,3),
(614, 327, 14, NULL, 4,4,11,1,4),
(615, 328, 15, NULL, 10,92,7,3,92),
(616, 374, 7, NULL, 45,28,5,0,308),
(617, 313, 14, NULL, 53,53,7,1,53),
(618, 422, 10, NULL, 38,23,8,2,23),
(619, 257, 17, NULL, 56,56,12,0,333),
(620, 284, 17, NULL, 9,28,11,2,224),
(621, 278, 13, NULL, 61,80,12,0,80),
(622, 317, 10, NULL, 191,191,6,0,81),
(623, 381, 7, NULL, 10,113,6,0,38),
(624, 278, 10, NULL, 2,4,7,0,2),
(625, 320, 12, NULL, 68,68,6,1,252),
(626, 392, 13, NULL, 26,26,4,4,26),
(627, 453, 9, NULL, 18,36,7,0,36),
(628, 329, 15, NULL, 61,61,7,2,61),
(629, 312, 12, NULL, 31,3,5,0,278),
(630, 337, 13, NULL, 68,12,9,1,12),
(631, 151, 11, NULL, 36,13,9,1,224),
(632, 312, 16, NULL, 23,1,8,2,185),
(633, 304, 13, NULL, 22,55,8,2,150),
(634, 176, 10, NULL, 8,3,7,1,292),
(635, 218, 14, NULL, 30,66,8,0,152),
(636, 257, 14, NULL, 66,33,8,3,66),
(637, 334, 13, NULL, 57,57,8,0,57),
(638, 333, 11, NULL, 11,11,7,1,14),
(639, 353, 13, NULL, 10,81,9,0,81),
(640, 252, 10, NULL, 17,2,7,2,2),
(641, 407, 11, NULL, 8,46,8,1,127),
(642, 213, 9, NULL, 13,13,5,2,17),
(643, 298, 17, NULL, 71,2,11,0,156),
(644, 314, 16, NULL, 14,6,7,1,214),
(645, 389, 10, NULL, 148,148,6,0,148),
(646, 277, 13, NULL, 10,45,9,0,532),
(647, 415, 10, NULL, 56,17,8,0,17),
(648, 390, 12, NULL, 28,9,9,1,7),
(649, 329, 19, NULL, 41,41,12,0,41),
(650, 380, 14, NULL, 1,4,8,1,4),
(651, 323, 11, NULL, 24,8,5,2,41),
(652, 371, 8, NULL, 7,7,4,0,7),
(653, 344, 15, NULL, 15,15,11,0,15),
(654, 317, 8, NULL, 68,68,7,1,14),
(655, 350, 9, NULL, 27,23,6,1,6),
(656, 360, 9, NULL, 45,45,7,1,12),
(657, 335, 14, NULL, 18,30,7,1,201),
(658, 282, 16, NULL, 26,26,11,1,406),
(659, 205, 20, NULL, 20,20,12,2,156),
(660, 412, 13, NULL, 12,12,7,3,9),
(661, 251, 16, NULL, 109,16,9,1,406),
(662, 383, 13, NULL, 81,26,5,2,26),
(663, 339, 7, NULL, 5,5,7,0,4),
(664, 291, 13, NULL, 13,13,9,0,45),
(665, 351, 9, NULL, 68,1,7,0,68),
(666, 409, 9, NULL, 23,23,5,2,15),
(667, 320, 14, NULL, 161,48,9,2,256),
(668, 342, 11, NULL, 255,23,7,1,23),
(669, 357, 9, NULL, 81,50,6,0,81),
(670, 350, 10, NULL, 79,7,6,1,30),
(671, 255, 13, NULL, 22,22,6,2,31),
(672, 327, 8, NULL, 23,59,3,2,156),
(673, 349, 10, NULL, 10,30,9,0,48),
(674, 307, 13, NULL, 24,14,10,1,464),
(675, 287, 16, NULL, 179,45,6,2,45),
(676, 301, 15, NULL, 14,14,10,2,24),
(677, 318, 16, NULL, 4,51,13,2,51),
(678, 378, 6, NULL, 26,23,3,2,2),
(679, 353, 10, NULL, 24,24,6,2,24),
(680, 459, 14, NULL, 14,81,11,0,81),
(681, 368, 9, NULL, 6,6,5,0,6),
(682, 359, 6, NULL, 71,12,5,1,12),
(683, 339, 9, NULL, 24,24,9,0,24),
(684, 180, 10, NULL, 77,1,6,3,214),
(685, 287, 14, NULL, 92,68,8,0,266),
(686, 369, 13, NULL, 14,14,12,0,327),
(687, 422, 9, NULL, 161,45,7,0,6),
(688, 290, 11, NULL, 31,12,9,0,185),
(689, 298, 15, NULL, 53,53,7,1,216),
(690, 345, 14, NULL, 16,68,12,1,68),
(691, 337, 14, NULL, 183,23,10,1,142),
(692, 312, 15, NULL, 61,5,11,0,NULL),
(693, 279, 15, NULL, 19,19,5,2,19),
(694, 313, 11, NULL, 68,10,6,0,46),
(695, 334, 16, NULL, 50,68,7,3,156),
(696, 359, 8, NULL, 20,15,4,1,15),
(697, 141, 13, NULL, 22,22,8,1,94),
(698, 364, 7, NULL, 41,3,3,0,46),
(699, 389, 15, NULL, 28,23,12,1,23),
(700, 354, 13, NULL, 211,7,9,2,7),
(701, 297, 10, NULL, 2,2,7,0,15),
(702, 408, 8, NULL, 8,8,7,0,46),
(703, 368, 13, NULL, 48,6,9,1,327),
(704, 399, 7, NULL, 16,17,5,0,156),
(705, 353, 9, NULL, 48,14,4,0,39),
(706, 387, 16, NULL, 59,59,10,3,59),
(707, 344, 12, NULL, 161,69,6,4,69),
(708, 342, 13, NULL, 24,9,11,0,9),
(709, 318, 19, NULL, 56,34,7,3,151),
(710, 322, 7, NULL, 22,22,4,0,216),
(711, 303, 13, NULL, 73,73,13,0,48),
(712, 260, 13, NULL, 26,69,10,0,69),
(713, 411, 8, NULL, 68,1,5,0,46),
(714, 298, 8, NULL, 121,121,6,0,94),
(715, 232, 17, NULL, 18,18,11,1,430),
(716, 301, 14, NULL, 1,26,11,0,204),
(717, 279, 5, NULL, 33,33,4,0,572),
(718, 301, 8, NULL, 14,3,7,1,14),
(719, 219, 12, NULL, 46,46,8,1,293),
(720, 395, 11, NULL, 14,14,9,1,18),
(721, 306, 13, NULL, 19,12,8,1,9),
(722, 358, 10, NULL, 50,2,8,0,2),
(723, 375, 11, NULL, 33,24,7,0,24),
(724, 347, 6, NULL, 7,7,3,0,6),
(725, 323, 13, NULL, 5,68,8,1,385),
(726, 271, 17, NULL, 3,3,12,0,420),
(727, 343, 12, NULL, 6,6,8,1,283),
(728, 352, 13, NULL, 13,14,11,0,109),
(729, 269, 9, NULL, 69,69,5,0,3),
(730, 296, 14, NULL, 27,66,5,2,48),
(731, 416, 9, NULL, 1,1,8,1,1),
(732, 323, 10, NULL, 33,27,4,1,33),
(733, 329, 12, NULL, 26,7,6,2,26),
(734, 320, 9, NULL, 68,69,6,1,583),
(735, 321, 15, NULL, 22,9,11,2,22),
(736, 384, 10, NULL, 13,13,6,1,23),
(737, 351, 7, NULL, 15,15,4,1,15),
(738, 387, 11, NULL, 56,6,9,0,6),
(739, 352, 13, NULL, 10,10,6,1,343),
(740, 264, 14, NULL, 29,4,11,0,4),
(741, 321, 11, NULL, 97,16,9,0,224),
(742, 358, 12, NULL, 103,26,11,0,2),
(743, 430, 9, NULL, 4,48,7,0,46),
(744, 379, 14, NULL, 14,3,10,0,3),
(745, 103, 8, NULL, 316,17,8,0,NULL),
(746, 278, 14, NULL, 26,5,8,1,9),
(747, 341, 13, NULL, 16,27,9,1,327),
(748, 368, 9, NULL, 39,50,6,1,50),
(749, 236, 14, NULL, 122,122,10,1,142),
(750, 353, 13, NULL, 45,96,13,0,96),
(751, 343, 9, NULL, 9,19,6,0,14),
(752, 267, 8, NULL, 8,4,7,0,48),
(753, 263, 8, NULL, 30,30,3,0,30),
(754, 327, 16, NULL, 23,59,10,1,23),
(755, 298, 13, NULL, 23,15,9,0,19),
(756, 297, 15, NULL, 15,15,6,3,327),
(757, 328, 14, NULL, 19,12,9,0,12),
(758, 319, 18, NULL, 39,39,12,2,79),
(759, 169, 10, NULL, 50,63,6,2,278),
(760, 300, 8, NULL, 51,3,4,0,350),
(761, 416, 13, NULL, 33,17,7,1,17),
(762, 329, 15, NULL, 41,41,11,0,401),
(763, 240, 17, NULL, 89,3,12,2,299),
(764, 330, 11, NULL, 30,30,10,0,30),
(765, 322, 18, NULL, 100,96,13,2,109),
(766, 324, 15, NULL, 53,53,12,1,53),
(767, 241, 12, NULL, 124,36,9,0,333),
(768, 334, 12, NULL, 211,4,6,1,18),
(769, 311, 15, NULL, 250,250,12,0,338),
(770, 306, 11, NULL, 6,13,8,1,499),
(771, 307, 7, NULL, 7,72,3,0,72),
(772, 321, 9, NULL, 17,16,4,2,100),
(773, 341, 14, NULL, 63,4,9,1,4),
(774, 364, 9, NULL, 2,2,7,0,2),
(775, 315, 13, NULL, 150,14,6,0,14),
(776, 329, 14, NULL, 24,30,13,0,30),
(777, 331, 13, NULL, 69,3,8,0,311),
(778, 359, 4, NULL, 14,15,4,0,15),
(779, 312, 8, NULL, 173,1,4,0,359),
(780, 438, 12, NULL, 26,26,10,0,26),
(781, 321, 10, NULL, 19,176,5,2,176),
(782, 388, 16, NULL, 27,14,9,3,14),
(783, 310, 8, NULL, 122,16,4,1,16),
(784, 333, 13, NULL, 1,79,10,0,77),
(785, 299, 11, NULL, 50,56,6,0,7),
(786, 230, 9, NULL, 19,51,6,0,337),
(787, 356, 9, NULL, 100,33,8,0,6),
(788, 326, 11, NULL, 14,14,5,3,10),
(789, 350, 12, NULL, 23,36,9,0,36),
(790, 301, 12, NULL, 12,1,8,1,1),
(791, 297, 7, NULL, 50,27,5,0,27),
(792, 449, 8, NULL, 201,39,7,0,17),
(793, 314, 14, NULL, 45,45,7,1,31),
(794, 328, 9, NULL, 2,2,7,1,27),
(795, 322, 16, NULL, 63,63,14,0,141),
(796, 348, 8, NULL, 1,14,5,1,14),
(797, 309, 11, NULL, 2,69,9,0,156),
(798, 251, 8, NULL, 151,24,6,1,24),
(799, 316, 15, NULL, 156,69,4,4,359),
(800, 221, 10, NULL, 96,51,5,1,51),
(801, 350, 9, NULL, 41,41,6,0,72),
(802, 371, 7, NULL, 17,7,5,1,92),
(803, 382, 12, NULL, 3,27,9,0,337),
(804, 306, 10, NULL, 23,59,6,1,59),
(805, 306, 11, NULL, 50,6,4,1,6),
(806, 391, 7, NULL, 60,92,4,0,92),
(807, 333, 16, NULL, 498,69,9,2,69),
(808, 309, 15, NULL, 100,2,9,1,499),
(809, 295, 8, NULL, 1,72,6,0,72),
(810, 287, 7, NULL, 50,50,2,1,50),
(811, 331, 10, NULL, 2,2,7,1,2),
(812, 420, 9, NULL, 27,51,9,0,6),
(813, 343, 13, NULL, 51,79,9,0,327),
(814, 263, 11, NULL, 6,6,9,1,45),
(815, 361, 11, NULL, 45,2,7,0,79),
(816, 313, 12, NULL, 26,4,8,2,337),
(817, 319, 17, NULL, 6,68,7,4,185),
(818, 378, 10, NULL, 5,2,5,1,2),
(819, 364, 11, NULL, 16,41,9,0,41),
(820, 438, 13, NULL, 17,17,10,0,17),
(821, 294, 17, NULL, 10,41,13,0,270),
(822, 292, 17, NULL, 40,40,15,1,40),
(823, 297, 15, NULL, 34,34,11,2,224),
(824, 213, 12, NULL, 19,171,9,1,293),
(825, 287, 15, NULL, 102,69,8,2,18),
(826, 370, 12, NULL, 46,40,8,0,6),
(827, 393, 8, NULL, 71,2,7,0,2),
(828, 331, 18, NULL, 100,24,13,2,91),
(829, 275, 13, NULL, 51,4,7,0,142),
(830, 241, 11, NULL, 171,69,6,2,69),
(831, 422, 13, NULL, 53,19,8,2,19),
(832, 358, 9, NULL, 216,70,7,0,70),
(833, 263, 7, NULL, 18,4,7,0,14),
(834, 267, 13, NULL, 17,17,9,2,110),
(835, 313, 13, NULL, 315,31,8,2,31),
(836, 333, 11, NULL, 45,45,4,2,59),
(837, 249, 14, NULL, 39,63,9,1,63),
(838, 341, 9, NULL, 59,6,6,0,6),
(839, 344, 6, NULL, 19,72,4,0,72),
(840, 343, 7, NULL, 27,27,2,0,27),
(841, 310, 9, NULL, 50,59,5,0,59),
(842, 324, 13, NULL, 14,14,8,0,263),
(843, 437, 10, NULL, 18,18,8,0,18),
(844, 385, 11, NULL, 73,24,7,0,24),
(845, 333, 9, NULL, 39,39,5,1,39),
(846, 186, 11, NULL, 234,50,5,1,401),
(847, 428, 17, NULL, 16,30,15,0,51),
(848, 379, 7, NULL, 72,72,5,0,72),
(849, 322, 13, NULL, 198,39,7,2,40),
(850, 273, 11, NULL, 36,36,8,0,445),
(851, 257, 16, NULL, 23,23,8,2,81),
(852, 184, 11, NULL, 34,51,6,0,292),
(853, 273, 10, NULL, 19,14,8,0,14),
(854, 278, 13, NULL, 148,148,8,1,45),
(855, 314, 9, NULL, 53,53,6,1,81),
(856, 275, 12, NULL, 17,17,7,0,26),
(857, 343, 14, NULL, 41,53,7,2,31),
(858, 272, 10, NULL, 14,60,5,0,18),
(859, 331, 8, NULL, 45,17,5,0,148),
(860, 330, 8, NULL, 198,198,8,0,198),
(861, 333, 12, NULL, 14,14,8,1,14),
(862, 302, 12, NULL, 115,107,9,1,359),
(863, 292, 15, NULL, 72,72,10,1,72),
(864, 273, 11, NULL, 189,26,7,2,499),
(865, 256, 14, NULL, 100,50,5,1,338),
(866, 245, 14, NULL, 36,180,7,1,180),
(867, 276, 16, NULL, 410,40,10,0,40),
(868, 234, 12, NULL, 189,50,9,1,50),
(869, 275, 12, NULL, 2,12,10,0,77),
(870, 368, 14, NULL, 126,39,11,0,465),
(871, 261, 14, NULL, 66,26,7,1,77),
(872, 313, 10, NULL, 40,70,10,0,57),
(873, 345, 11, NULL, 59,72,9,1,72),
(874, 277, 13, NULL, 129,1,7,1,81),
(875, 271, 12, NULL, 53,114,6,1,114),
(876, 357, 12, NULL, 63,19,9,0,19),
(877, 264, 9, NULL, 12,9,7,1,214),
(878, 356, 11, NULL, 51,51,10,0,266),
(879, 413, 7, NULL, 115,19,5,0,331),
(880, 319, 11, NULL, 195,225,6,0,308),
(881, 359, 13, NULL, 126,126,9,0,17),
(882, 260, 17, NULL, 10,258,13,0,351),
(883, 421, 11, NULL, 9,27,6,1,107),
(884, 278, 14, NULL, 331,46,9,1,214),
(885, 363, 16, NULL, 24,24,11,2,24),
(886, 328, 15, NULL, 177,50,11,1,311),
(887, 306, 18, NULL, 9,115,14,1,115),
(888, 326, 16, NULL, 14,14,12,1,391),
(889, 342, 9, NULL, 24,24,4,1,10),
(890, 323, 9, NULL, 114,141,8,0,141),
(891, 304, 7, NULL, 27,27,6,0,27),
(892, 379, 13, NULL, 115,50,9,2,50),
(893, 309, 9, NULL, 31,105,8,0,105),
(894, 303, 9, NULL, 30,30,3,2,237),
(895, 386, 15, NULL, 46,3,10,0,266),
(896, 327, 14, NULL, 27,96,5,0,359),
(897, 330, 10, NULL, 48,45,6,1,45),
(898, 409, 13, NULL, 10,103,7,1,103),
(899, 384, 14, NULL, 382,2,9,2,39),
(900, 347, 13, NULL, 24,48,9,2,48),
(901, 351, 11, NULL, 46,53,6,0,53),
(902, 380, 13, NULL, 14,14,7,2,14),
(903, 362, 12, NULL, 23,3,8,2,10),
(904, 303, 13, NULL, 204,115,7,1,525),
(905, 339, 12, NULL, 34,34,9,1,34),
(906, 427, 15, NULL, 26,24,9,1,359),
(907, 344, 14, NULL, 19,19,12,1,19),
(908, 234, 11, NULL, 171,3,5,1,266),
(909, 311, 14, NULL, 137,137,11,0,518),
(910, 429, 10, NULL, 184,24,7,1,24),
(911, 304, 17, NULL, 100,48,15,0,156),
(912, 140, 11, NULL, 237,105,7,0,489),
(913, 300, 14, NULL, 14,14,13,1,14),
(914, 363, 10, NULL, 2,2,6,1,2),
(915, 259, 18, NULL, 122,122,11,2,122),
(916, 394, 11, NULL, 100,105,3,1,525),
(917, 296, 15, NULL, 26,41,8,1,266),
(918, 286, 16, NULL, 69,27,12,1,66),
(919, 344, 10, NULL, 40,1,8,0,100),
(920, 319, 11, NULL, 96,24,11,0,30),
(921, 384, 10, NULL, 77,14,7,0,407),
(922, 391, 8, NULL, 89,72,6,0,72),
(923, 310, 8, NULL, 17,17,6,0,175),
(924, 288, 10, NULL, 233,233,7,1,204),
(925, 333, 16, NULL, 10,178,11,2,185),
(926, 393, 11, NULL, 89,3,8,0,3),
(927, 349, 11, NULL, 48,36,5,3,210),
(928, 379, 9, NULL, 69,116,6,0,116),
(929, 277, 17, NULL, 338,27,13,3,391),
(930, 317, 13, NULL, 53,19,9,1,351),
(931, 325, 16, NULL, 177,178,12,0,178),
(932, 278, 19, NULL, 175,51,14,3,327),
(933, 226, 14, NULL, 71,50,10,1,50),
(934, 321, 8, NULL, 70,128,8,0,128),
(935, 200, 15, NULL, 9,9,8,1,348),
(936, 364, 18, NULL, 115,115,15,1,69),
(937, 300, 14, NULL, 313,46,8,0,46),
(938, 270, 8, NULL, 303,36,7,0,36),
(939, 332, 14, NULL, 79,71,8,1,337),
(940, 301, 16, NULL, 128,128,11,0,219),
(941, 383, 13, NULL, 45,53,9,2,53),
(942, 418, 8, NULL, 81,27,6,0,27),
(943, 338, 7, NULL, 36,1,3,1,1),
(944, 301, 11, NULL, 91,91,8,0,109),
(945, 319, 12, NULL, 59,177,10,0,327),
(946, 317, 13, NULL, 2,115,9,1,263),
(947, 379, 9, NULL, 24,24,5,3,34),
(948, 400, 10, NULL, 14,132,8,0,132),
(949, 318, 11, NULL, 163,24,8,0,24),
(950, 263, 12, NULL, 24,50,8,1,48)


GO

INSERT INTO [TeamPerformance] (TeamID,MatchesPlayed,MatchesWon,MatchesLost,TournamentsWon)
VALUES 
(1,192,96,96,1),
(2,226,109,117,0),
(3,152,75,77,1),
(4,63,36,27,0),
(5,208,121,87,4),
(6,16,12,4,1),
(7,15,9,6,0),
(8,223,114,109,2),
(9,28,13,15,0),
(10,231,131,100,5),
(11,190,88,102,0),
(12,161,67,94,0),
(13,30,15,15,0),
(14,30,13,17,0),
(15,23,6,17,0),
(16,75,29,46,1),
(17,7,3,4,0)


GO

INSERT INTO [Company] (CompanyID,CompanyName,IndustryType)
VALUES 
(1, 'Nike', 'Sports'),
(2, 'Adidas', 'Sports'),
(3, 'Puma', 'Sports'),
(4, 'Reebok', 'Sports'),
(5, 'MRF', 'Sports'),
(6, 'Coca-Cola', 'Beverages'),
(7, 'PepsiCo', 'Beverages'),
(8, 'Apple', 'Technology'),
(9, 'Samsung', 'Technology'),
(10, 'Google', 'Technology'),
(11, 'Sony', 'Technology'),
(12, 'Microsoft', 'Technology'),
(13, 'IBM', 'Technology'),
(14, 'Amazon', 'Technology'),
(15, 'Under Armour', 'Sports'),
(16, 'New Balance', 'Sports'),
(17, 'Oakley', 'Sports'),
(18, 'Gatorade', 'Beverages'),
(19, 'Red Bull', 'Beverages'),
(20, 'FILA', 'Sports')


GO

INSERT INTO [BrandAmbassador] (AmbassadorID,CompanyID,PlayerID,StartDate,EndDate)
VALUES 
(1,1,1,'2022-03-15','2023-12-31'),
(2,3,2,'2022-05-20','2024-02-29'),
(3,20,3,'2021-12-10','2023-11-15'),
(4,20,4,'2022-01-05','2023-09-20'),
(5,20,5,'2022-07-18','2024-01-30'),
(6,11,6,'2023-02-28','2024-06-10'),
(7,9,7,'2021-11-10','2023-08-25'),
(8,2,8,'2022-09-05','2024-03-12'),
(9,6,9,'2023-04-20','2024-09-05'),
(10,8,10,'2022-06-15','2023-12-20'),
(11,10,11,'2023-01-10','2024-07-03'),
(12,16,12,'2022-08-02','2023-10-29'),
(13,1,13,'2023-03-25','2024-05-15'),
(14,2,14,'2021-10-30','2023-11-28'),
(15,17,15,'2022-12-18','2024-04-02'),
(16,4,16,'2022-04-10','2023-06-20'),
(17,16,17,'2023-06-05','2024-10-10'),
(18,7,18,'2021-09-15','2023-07-18'),
(19,9,19,'2022-11-20','2024-01-05'),
(20,12,20,'2022-07-01','2023-09-30'),
(21,13,21,'2022-10-12','2024-02-15'),
(22,13,22,'2023-05-05','2024-06-20'),
(23,5,23,'2021-12-28','2023-10-05'),
(24,8,24,'2022-02-20','2024-04-18'),
(25,19,25,'2023-08-15','2024-11-20'),
(26,15,26,'2022-07-10','2023-12-25'),
(27,14,27,'2022-09-30','2024-03-10'),
(28,14,28,'2023-01-18','2024-06-15'),
(29,14,29,'2022-05-20','2023-08-10'),
(30,11,30,'2022-12-01','2024-02-28'),
(31,8,31,'2022-04-05','2023-11-20'),
(32,18,32,'2023-03-10','2024-05-30'),
(33,13,33,'2022-06-28','2023-10-10'),
(34,4,34,'2023-01-15','2024-04-20'),
(35,10,35,'2022-08-20','2023-12-31'),
(36,14,36,'2023-02-05','2024-03-18'),
(37,20,37,'2022-07-10','2023-08-30'),
(38,7,38,'2023-04-18','2024-06-22'),
(39,1,39,'2022-11-30','2024-01-25'),
(40,20,40,'2022-03-22','2023-09-15'),
(41,16,41,'2022-05-28','2023-07-10'),
(42,17,42,'2023-02-15','2024-05-20'),
(43,13,43,'2022-09-10','2023-11-25'),
(44,9,44,'2022-07-05','2023-08-18'),
(45,1,45,'2023-04-20','2024-06-30'),
(46,15,46,'2022-06-15','2023-08-10'),
(47,5,47,'2022-12-10','2024-02-05'),
(48,14,48,'2023-01-30','2024-05-15'),
(49,12,49,'2022-08-25','2023-11-12'),
(50,18,50,'2022-07-20','2024-01-28'),
(51,19,51,'2023-03-05','2024-07-10'),
(52,17,52,'2022-04-15','2023-10-20'),
(53,7,53,'2023-02-20','2024-04-30'),
(54,8,54,'2022-09-28','2023-12-15'),
(55,11,55,'2022-12-10','2024-02-28'),
(56,20,56,'2022-08-08','2023-11-20'),
(57,5,57,'2022-03-10','2023-06-05'),
(58,6,58,'2022-10-18','2024-02-10'),
(59,16,59,'2023-01-05','2024-03-20'),
(60,20,60,'2022-11-12','2023-12-30'),
(61,20,61,'2023-03-15','2024-04-20'),
(62,5,62,'2022-06-10','2023-08-25'),
(63,15,63,'2023-02-28','2024-05-15'),
(64,3,64,'2022-09-20','2023-12-10'),
(65,19,65,'2022-08-05','2023-09-18'),
(66,1,66,'2023-01-10','2024-03-05'),
(67,18,67,'2022-07-01','2023-10-30'),
(68,5,68,'2023-02-15','2024-04-25'),
(69,2,69,'2021-03-01','2020-06-05')


GO


INSERT INTO [InjuryDetail] (PhysioID,[PlayerID],InjuryType,InjuryDate,RecoveryDuration)
VALUES 
(1,1,'Overuse','2023-07-12','4 weeks'),
(2,2,'Musculoskeletal','2024-01-25','6 weeks'),
(3,3,'Soft Tissue','2022-09-08','3 weeks'),
(4,4,'Impact','2023-04-16','2 weeks'),
(5,5,'Joint','2023-11-30','8 weeks'),
(6,6,'Spinal','2022-08-20','10 weeks'),
(7,7,'Overuse','2024-02-10','5 weeks'),
(8,8,'Musculoskeletal','2023-06-05','7 weeks'),
(9,9,'Impact','2023-10-18','4 weeks'),
(10,10,'Soft Tissue','2022-12-22','6 weeks'),
(11,11,'Spinal','2023-03-05','9 weeks'),
(12,12,'Overuse','2022-11-12','3 weeks'),
(13,13,'Joint','2023-08-28','5 weeks'),
(14,14,'Musculoskeletal','2022-10-15','8 weeks'),
(15,15,'Soft Tissue','2023-01-20','4 weeks'),
(16,16,'Impact','2022-07-30','2 weeks'),
(17,17,'Overuse','2023-05-10','6 weeks'),
(18,18,'Musculoskeletal','2024-03-05','7 weeks'),
(19,19,'Spinal','2023-09-15','9 weeks'),
(20,20,'Soft Tissue','2022-06-18','5 weeks'),
(21,21,'Joint','2022-11-30','8 weeks'),
(22,22,'Musculoskeletal','2023-04-10','6 weeks'),
(23,23,'Impact','2024-01-05','3 weeks'),
(24,24,'Overuse','2023-07-20','4 weeks'),
(25,25,'Soft Tissue','2022-08-28','7 weeks'),
(26,26,'Joint','2023-02-15','6 weeks'),
(27,27,'Musculoskeletal','2023-10-10','5 weeks'),
(28,28,'Spinal','2022-12-05','8 weeks'),
(29,29,'Overuse','2022-09-12','6 weeks'),
(30,30,'Soft Tissue','2023-06-30','4 weeks'),
(31,31,'Impact','2022-10-25','3 weeks'),
(32,32,'Joint','2023-04-18','7 weeks'),
(33,33,'Musculoskeletal','2023-01-15','5 weeks'),
(34,34,'Overuse','2024-02-08','6 weeks'),
(35,35,'Spinal','2022-07-10','9 weeks'),
(36,36,'Soft Tissue','2023-03-28','5 weeks'),
(37,37,'Impact','2022-11-18','2 weeks'),
(38,38,'Overuse','2023-08-05','7 weeks'),
(39,39,'Joint','2024-01-10','6 weeks'),
(40,40,'Musculoskeletal','2023-05-25','8 weeks'),
(41,41,'Soft Tissue','2022-12-30','4 weeks'),
(42,42,'Impact','2023-07-15','3 weeks'),
(43,43,'Overuse','2024-03-20','6 weeks'),
(44,44,'Spinal','2023-02-10','9 weeks'),
(45,45,'Soft Tissue','2022-10-20','5 weeks'),
(46,46,'Joint','2023-09-05','7 weeks'),
(47,47,'Musculoskeletal','2023-04-02','8 weeks'),
(48,48,'Overuse','2023-06-12','6 weeks'),
(49,49,'Soft Tissue','2022-09-25','5 weeks'),
(50,50,'Impact','2023-01-08','3 weeks'),
(51,51,'Joint','2023-07-16','7 weeks'),
(52,52,'Musculoskeletal','2022-12-30','8 weeks'),
(53,53,'Spinal','2023-05-05','9 weeks'),
(54,54,'Overuse','2023-02-20','6 weeks'),
(55,55,'Soft Tissue','2024-01-18','5 weeks'),
(56,56,'Joint','2023-08-12','7 weeks'),
(57,57,'Musculoskeletal','2023-03-28','8 weeks'),
(58,58,'Soft Tissue','2022-11-10','4 weeks'),
(59,59,'Impact','2022-07-25','2 weeks'),
(60,60,'Overuse','2023-06-20','6 weeks'),
(61,61,'Spinal','2023-02-02','9 weeks'),
(62,62,'Soft Tissue','2022-09-15','5 weeks'),
(63,63,'Joint','2023-04-28','7 weeks'),
(64,64,'Musculoskeletal','2023-01-12','8 weeks'),
(65,65,'Overuse','2024-02-10','6 weeks'),
(66,66,'Spinal','2023-07-05','9 weeks'),
(67,67,'Soft Tissue','2022-12-20','5 weeks'),
(68,68,'Impact','2023-05-15','3 weeks'),
(69,69,'Overuse','2023-09-28','6 weeks'),
(70,70,'Soft Tissue','2022-11-18','5 weeks'),
(71,71,'Joint','2023-03-12','7 weeks'),
(72,72,'Musculoskeletal','2023-07-30','8 weeks'),
(73,73,'Soft Tissue','2022-10-08','4 weeks'),
(74,74,'Overuse','2023-04-05','6 weeks'),
(75,75,'Spinal','2024-01-02','9 weeks'),
(76,76,'Soft Tissue','2022-08-20','5 weeks'),
(77,77,'Impact','2023-03-15','3 weeks'),
(78,78,'Overuse','2023-10-18','6 weeks'),
(79,79,'Soft Tissue','2022-12-28','5 weeks'),
(80,80,'Joint','2023-08-05','7 weeks'),
(81,81,'Musculoskeletal','2023-02-20','8 weeks'),
(82,82,'Overuse','2022-07-10','6 weeks'),
(83,83,'Soft Tissue','2023-05-28','4 weeks'),
(84,84,'Impact','2023-01-22','2 weeks'),
(85,85,'Soft Tissue','2022-11-30','5 weeks'),
(86,86,'Joint','2023-06-15','7 weeks'),
(87,87,'Musculoskeletal','2024-02-05','8 weeks'),
(88,88,'Soft Tissue','2023-03-20','5 weeks'),
(89,89,'Overuse','2022-09-18','6 weeks'),
(90,90,'Soft Tissue','2023-05-10','5 weeks'),
(91,91,'Impact','2023-11-12','3 weeks'),
(92,92,'Soft Tissue','2022-12-22','5 weeks'),
(93,93,'Joint','2023-07-28','7 weeks'),
(94,94,'Spinal','2023-04-05','9 weeks'),
(95,95,'Soft Tissue','2022-10-12','5 weeks'),
(96,96,'Impact','2023-01-28','3 weeks'),
(97,97,'Overuse','2023-06-20','6 weeks'),
(98,98,'Soft Tissue','2022-12-15','5 weeks'),
(99,99,'Joint','2023-05-10','7 weeks'),
(100,100,'Musculoskeletal','2024-02-28','8 weeks'),
(101,101,'Soft Tissue','2023-03-18','5 weeks'),
(102,102,'Impact','2022-11-25','2 weeks'),
(103,103,'Soft Tissue','2023-08-05','5 weeks'),
(104,104,'Overuse','2022-09-30','6 weeks'),
(105,105,'Soft Tissue','2023-05-15','5 weeks'),
(106,106,'Joint','2022-12-28','7 weeks'),
(107,107,'Musculoskeletal','2023-07-20','8 weeks'),
(108,108,'Soft Tissue','2022-10-10','5 weeks'),
(109,109,'Overuse','2023-04-18','6 weeks'),
(110,110,'Soft Tissue','2023-01-12','5 weeks'),
(111,111,'Joint','2022-08-28','7 weeks'),
(112,112,'Musculoskeletal','2024-03-05','8 weeks'),
(113,113,'Soft Tissue','2023-06-10','5 weeks'),
(114,114,'Impact','2022-12-22','3 weeks'),
(115,115,'Soft Tissue','2023-09-28','5 weeks'),
(116,116,'Overuse','2022-11-15','6 weeks'),
(117,117,'Soft Tissue','2023-04-20','5 weeks'),
(118,118,'Joint','2023-01-28','7 weeks'),
(119,119,'Musculoskeletal','2022-09-05','8 weeks'),
(120,120,'Soft Tissue','2023-05-12','5 weeks'),
(121,121,'Impact','2022-12-18','2 weeks'),
(122,122,'Soft Tissue','2023-08-28','5 weeks'),
(123,123,'Overuse','2023-03-10','6 weeks'),
(124,124,'Soft Tissue','2022-10-22','5 weeks'),
(125,125,'Spinal','2023-06-05','9 weeks'),
(126,126,'Soft Tissue','2022-09-18','5 weeks'),
(127,127,'Overuse','2023-02-28','6 weeks'),
(128,128,'Soft Tissue','2022-12-15','5 weeks'),
(129,129,'Joint','2023-07-05','7 weeks'),
(130,130,'Musculoskeletal','2023-04-10','8 weeks'),
(131,131,'Soft Tissue','2022-10-25','5 weeks'),
(132,132,'Impact','2023-02-15','3 weeks'),
(133,133,'Soft Tissue','2023-09-12','5 weeks'),
(134,134,'Overuse','2022-11-28','6 weeks'),
(135,135,'Soft Tissue','2023-06-18','5 weeks'),
(136,136,'Spinal','2023-01-05','9 weeks'),
(137,137,'Soft Tissue','2022-09-30','5 weeks'),
(138,138,'Impact','2023-04-22','2 weeks'),
(139,139,'Soft Tissue','2022-12-18','5 weeks'),
(140,140,'Overuse','2023-08-10','6 weeks')

GO































